2026-03-20 08:29:54,536 - __main__ - INFO - 初始化数据清洗管道...
2026-03-20 08:29:54,536 - __main__ - INFO - 初始化分析引擎...
2026-03-20 08:29:54,536 - __main__ - INFO - 初始化报告生成器...
2026-03-20 08:29:54,538 - __main__ - INFO - ============================================================
2026-03-20 08:29:54,538 - __main__ - INFO - 交通流量分析系统启动
2026-03-20 08:29:54,538 - __main__ - INFO - 输入源: mock
2026-03-20 08:29:54,538 - __main__ - INFO - 聚合窗口: 15 分钟
2026-03-20 08:29:54,538 - __main__ - INFO - ============================================================
2026-03-20 08:29:54,538 - ingestion - INFO - 打开模拟数据流: 1000 条记录, 10 个传感器
2026-03-20 08:29:54,539 - __main__ - INFO - 开始处理数据流...
2026-03-20 08:29:54,539 - models - WARNING - 记录被标记为可疑 [sensor=SENSOR_001]: 时间戳修正: 未来时间 60 秒
2026-03-20 08:29:54,539 - models - WARNING - 记录被标记为可疑 [sensor=SENSOR_002]: 时间戳修正: 未来时间 120 秒
2026-03-20 08:29:54,540 - models - WARNING - 记录被标记为可疑 [sensor=SENSOR_003]: 时间戳修正: 未来时间 180 秒
2026-03-20 08:29:54,540 - models - WARNING - 记录被标记为可疑 [sensor=SENSOR_004]: 时间戳修正: 未来时间 240 秒
2026-03-20 08:29:54,540 - models - WARNING - 记录被标记为可疑 [sensor=SENSOR_005]: 时间戳修正: 未来时间 300 秒
2026-03-20 08:29:54,540 - ingestion - ERROR - 解析模拟数据失败: 时间戳不能是未来时间: 2026-03-20 08:35:54.538240
2026-03-20 08:29:54,540 - ingestion - ERROR - 解析模拟数据失败: 时间戳不能是未来时间: 2026-03-20 08:36:54.538240
2026-03-20 08:29:54,540 - ingestion - ERROR - 解析模拟数据失败: 时间戳不能是未来时间: 2026-03-20 08:37:54.538240
2026-03-20 08:29:54,540 - ingestion - ERROR - 解析模拟数据失败: 时间戳不能是未来时间: 2026-03-20 08:38:54.538240
2026-03-20 08:29:54,540 - ingestion - ERROR - 解析模拟数据失败: 时间戳不能是未来时间: 2026-03-20 08:39:54.538240
2026-03-20 08:29:54,540 - ingestion - ERROR - 解析模拟数据失败: 时间戳不能是未来时间: 2026-03-20 08:40:54.538240
2026-03-20 08:29:54,540 - ingestion - ERROR - 解析模拟数据失败: 时间戳不能是未来时间: 2026-03-20 08:41:54.538240
2026-03-20 08:29:54,540 - ingestion - ERROR - 解析模拟数据失败: 时间戳不能是未来时间: 2026-03-20 08:42:54.538240
2026-03-20 08:29:54,540 - ingestion - ERROR - 解析模拟数据失败: 时间戳不能是未来时间: 2026-03-20 08:43:54.538240
2026-03-20 08:29:54,540 - ingestion - ERROR - 解析模拟数据失败: 时间戳不能是未来时间: 2026-03-20 08:44:54.538240
2026-03-20 08:29:54,540 - ingestion - ERROR - 解析模拟数据失败: 时间戳不能是未来时间: 2026-03-20 08:45:54.538240
2026-03-20 08:29:54,542 - ingestion - ERROR - 解析模拟数据失败: 时间戳不能是未来时间: 2026-03-20 08:46:54.538240
2026-03-20 08:29:54,542 - ingestion - ERROR - 解析模拟数据失败: 时间戳不能是未来时间: 2026-03-20 08:47:54.538240
2026-03-20 08:29:54,542 - ingestion - ERROR - 解析模拟数据失败: 时间戳不能是未来时间: 2026-03-20 08:48:54.538240
2026-03-20 08:29:54,542 - ingestion - ERROR - 解析模拟数据失败: 时间戳不能是未来时间: 2026-03-20 08:49:54.538240
2026-03-20 08:29:54,542 - ingestion - ERROR - 解析模拟数据失败: 时间戳不能是未来时间: 2026-03-20 08:50:54.538240
2026-03-20 08:29:54,542 - ingestion - ERROR - 解析模拟数据失败: 时间戳不能是未来时间: 2026-03-20 08:51:54.538240
2026-03-20 08:29:54,542 - ingestion - ERROR - 解析模拟数据失败: 时间戳不能是未来时间: 2026-03-20 08:52:54.538240
2026-03-20 08:29:54,542 - ingestion - ERROR - 解析模拟数据失败: 时间戳不能是未来时间: 2026-03-20 08:53:54.538240
2026-03-20 08:29:54,542 - ingestion - ERROR - 解析模拟数据失败: 时间戳不能是未来时间: 2026-03-20 08:54:54.538240
2026-03-20 08:29:54,543 - ingestion - ERROR - 解析模拟数据失败: 时间戳不能是未来时间: 2026-03-20 08:55:54.538240
2026-03-20 08:29:54,543 - ingestion - ERROR - 解析模拟数据失败: 时间戳不能是未来时间: 2026-03-20 08:56:54.538240
2026-03-20 08:29:54,543 - ingestion - ERROR - 解析模拟数据失败: 时间戳不能是未来时间: 2026-03-20 08:57:54.538240
2026-03-20 08:29:54,543 - ingestion - ERROR - 解析模拟数据失败: 时间戳不能是未来时间: 2026-03-20 08:58:54.538240
2026-03-20 08:29:54,543 - ingestion - ERROR - 解析模拟数据失败: 时间戳不能是未来时间: 2026-03-20 08:59:54.538240
2026-03-20 08:29:54,543 - ingestion - ERROR - 解析模拟数据失败: 时间戳不能是未来时间: 2026-03-20 09:00:54.538240
2026-03-20 08:29:54,543 - ingestion - ERROR - 解析模拟数据失败: 时间戳不能是未来时间: 2026-03-20 09:01:54.538240
2026-03-20 08:29:54,543 - ingestion - ERROR - 解析模拟数据失败: 时间戳不能是未来时间: 2026-03-20 09:02:54.538240
2026-03-20 08:29:54,545 - ingestion - ERROR - 解析模拟数据失败: 时间戳不能是未来时间: 2026-03-20 09:03:54.538240
2026-03-20 08:29:54,545 - ingestion - ERROR - 解析模拟数据失败: 时间戳不能是未来时间: 2026-03-20 09:04:54.538240
2026-03-20 08:29:54,545 - ingestion - ERROR - 解析模拟数据失败: 时间戳不能是未来时间: 2026-03-20 09:05:54.538240
2026-03-20 08:29:54,545 - ingestion - ERROR - 解析模拟数据失败: 时间戳不能是未来时间: 2026-03-20 09:06:54.538240
2026-03-20 08:29:54,545 - ingestion - ERROR - 解析模拟数据失败: 时间戳不能是未来时间: 2026-03-20 09:07:54.538240
2026-03-20 08:29:54,545 - ingestion - ERROR - 解析模拟数据失败: 时间戳不能是未来时间: 2026-03-20 09:08:54.538240
2026-03-20 08:29:54,545 - ingestion - ERROR - 解析模拟数据失败: 时间戳不能是未来时间: 2026-03-20 09:09:54.538240
2026-03-20 08:29:54,545 - ingestion - ERROR - 解析模拟数据失败: 时间戳不能是未来时间: 2026-03-20 09:10:54.538240
2026-03-20 08:29:54,545 - ingestion - ERROR - 解析模拟数据失败: 时间戳不能是未来时间: 2026-03-20 09:11:54.538240
2026-03-20 08:29:54,545 - ingestion - ERROR - 解析模拟数据失败: 时间戳不能是未来时间: 2026-03-20 09:12:54.538240
2026-03-20 08:29:54,545 - ingestion - ERROR - 解析模拟数据失败: 时间戳不能是未来时间: 2026-03-20 09:13:54.538240
2026-03-20 08:29:54,545 - ingestion - ERROR - 解析模拟数据失败: 时间戳不能是未来时间: 2026-03-20 09:14:54.538240
2026-03-20 08:29:54,545 - ingestion - ERROR - 解析模拟数据失败: 时间戳不能是未来时间: 2026-03-20 09:15:54.538240
2026-03-20 08:29:54,545 - ingestion - ERROR - 解析模拟数据失败: 时间戳不能是未来时间: 2026-03-20 09:16:54.538240
2026-03-20 08:29:54,547 - ingestion - ERROR - 解析模拟数据失败: 时间戳不能是未来时间: 2026-03-20 09:17:54.538240
2026-03-20 08:29:54,547 - ingestion - ERROR - 解析模拟数据失败: 时间戳不能是未来时间: 2026-03-20 09:18:54.538240
2026-03-20 08:29:54,547 - ingestion - ERROR - 解析模拟数据失败: 时间戳不能是未来时间: 2026-03-20 09:19:54.538240
2026-03-20 08:29:54,547 - ingestion - ERROR - 解析模拟数据失败: 时间戳不能是未来时间: 2026-03-20 09:20:54.538240
2026-03-20 08:29:54,547 - ingestion - ERROR - 解析模拟数据失败: 时间戳不能是未来时间: 2026-03-20 09:21:54.538240
2026-03-20 08:29:54,547 - ingestion - ERROR - 解析模拟数据失败: 时间戳不能是未来时间: 2026-03-20 09:22:54.538240
2026-03-20 08:29:54,547 - ingestion - ERROR - 解析模拟数据失败: 时间戳不能是未来时间: 2026-03-20 09:23:54.538240
2026-03-20 08:29:54,547 - ingestion - ERROR - 解析模拟数据失败: 时间戳不能是未来时间: 2026-03-20 09:24:54.538240
2026-03-20 08:29:54,547 - ingestion - ERROR - 解析模拟数据失败: 时间戳不能是未来时间: 2026-03-20 09:25:54.538240
2026-03-20 08:29:54,548 - ingestion - ERROR - 解析模拟数据失败: 时间戳不能是未来时间: 2026-03-20 09:26:54.538240
2026-03-20 08:29:54,548 - ingestion - ERROR - 解析模拟数据失败: 时间戳不能是未来时间: 2026-03-20 09:27:54.538240
2026-03-20 08:29:54,548 - ingestion - ERROR - 解析模拟数据失败: 时间戳不能是未来时间: 2026-03-20 09:28:54.538240
2026-03-20 08:29:54,548 - ingestion - ERROR - 解析模拟数据失败: 时间戳不能是未来时间: 2026-03-20 09:29:54.538240
2026-03-20 08:29:54,548 - ingestion - ERROR - 解析模拟数据失败: 时间戳不能是未来时间: 2026-03-20 09:30:54.538240
2026-03-20 08:29:54,550 - ingestion - ERROR - 解析模拟数据失败: 时间戳不能是未来时间: 2026-03-20 09:31:54.538240
2026-03-20 08:29:54,550 - ingestion - ERROR - 解析模拟数据失败: 时间戳不能是未来时间: 2026-03-20 09:32:54.538240
2026-03-20 08:29:54,550 - ingestion - ERROR - 解析模拟数据失败: 时间戳不能是未来时间: 2026-03-20 09:33:54.538240
2026-03-20 08:29:54,550 - ingestion - ERROR - 解析模拟数据失败: 时间戳不能是未来时间: 2026-03-20 09:34:54.538240
2026-03-20 08:29:54,550 - ingestion - ERROR - 解析模拟数据失败: 时间戳不能是未来时间: 2026-03-20 09:35:54.538240
2026-03-20 08:29:54,550 - ingestion - ERROR - 解析模拟数据失败: 时间戳不能是未来时间: 2026-03-20 09:36:54.538240
2026-03-20 08:29:54,550 - ingestion - ERROR - 解析模拟数据失败: 时间戳不能是未来时间: 2026-03-20 09:37:54.538240
2026-03-20 08:29:54,550 - ingestion - ERROR - 解析模拟数据失败: 时间戳不能是未来时间: 2026-03-20 09:38:54.538240
2026-03-20 08:29:54,550 - ingestion - ERROR - 解析模拟数据失败: 时间戳不能是未来时间: 2026-03-20 09:39:54.538240
2026-03-20 08:29:54,550 - ingestion - ERROR - 解析模拟数据失败: 时间戳不能是未来时间: 2026-03-20 09:40:54.538240
2026-03-20 08:29:54,550 - ingestion - ERROR - 解析模拟数据失败: 时间戳不能是未来时间: 2026-03-20 09:41:54.538240
2026-03-20 08:29:54,551 - ingestion - ERROR - 解析模拟数据失败: 时间戳不能是未来时间: 2026-03-20 09:42:54.538240
2026-03-20 08:29:54,551 - ingestion - ERROR - 解析模拟数据失败: 时间戳不能是未来时间: 2026-03-20 09:43:54.538240
2026-03-20 08:29:54,551 - ingestion - ERROR - 解析模拟数据失败: 时间戳不能是未来时间: 2026-03-20 09:44:54.538240
2026-03-20 08:29:54,551 - ingestion - ERROR - 解析模拟数据失败: 时间戳不能是未来时间: 2026-03-20 09:45:54.538240
2026-03-20 08:29:54,551 - ingestion - ERROR - 解析模拟数据失败: 时间戳不能是未来时间: 2026-03-20 09:46:54.538240
2026-03-20 08:29:54,551 - ingestion - ERROR - 解析模拟数据失败: 时间戳不能是未来时间: 2026-03-20 09:47:54.538240
2026-03-20 08:29:54,551 - ingestion - ERROR - 解析模拟数据失败: 时间戳不能是未来时间: 2026-03-20 09:48:54.538240
2026-03-20 08:29:54,551 - ingestion - ERROR - 解析模拟数据失败: 时间戳不能是未来时间: 2026-03-20 09:49:54.538240
2026-03-20 08:29:54,551 - ingestion - ERROR - 解析模拟数据失败: 时间戳不能是未来时间: 2026-03-20 09:50:54.538240
2026-03-20 08:29:54,553 - ingestion - ERROR - 解析模拟数据失败: 时间戳不能是未来时间: 2026-03-20 09:51:54.538240
2026-03-20 08:29:54,553 - ingestion - ERROR - 解析模拟数据失败: 时间戳不能是未来时间: 2026-03-20 09:52:54.538240
2026-03-20 08:29:54,553 - ingestion - ERROR - 解析模拟数据失败: 时间戳不能是未来时间: 2026-03-20 09:53:54.538240
2026-03-20 08:29:54,553 - ingestion - ERROR - 解析模拟数据失败: 时间戳不能是未来时间: 2026-03-20 09:54:54.538240
2026-03-20 08:29:54,553 - ingestion - ERROR - 解析模拟数据失败: 时间戳不能是未来时间: 2026-03-20 09:55:54.538240
2026-03-20 08:29:54,553 - ingestion - ERROR - 解析模拟数据失败: 时间戳不能是未来时间: 2026-03-20 09:56:54.538240
2026-03-20 08:29:54,553 - ingestion - ERROR - 解析模拟数据失败: 时间戳不能是未来时间: 2026-03-20 09:57:54.538240
2026-03-20 08:29:54,553 - ingestion - ERROR - 解析模拟数据失败: 时间戳不能是未来时间: 2026-03-20 09:58:54.538240
2026-03-20 08:29:54,553 - ingestion - ERROR - 解析模拟数据失败: 时间戳不能是未来时间: 2026-03-20 09:59:54.538240
2026-03-20 08:29:54,554 - ingestion - ERROR - 解析模拟数据失败: 时间戳不能是未来时间: 2026-03-20 10:00:54.538240
2026-03-20 08:29:54,554 - ingestion - ERROR - 解析模拟数据失败: 时间戳不能是未来时间: 2026-03-20 10:01:54.538240
2026-03-20 08:29:54,554 - ingestion - ERROR - 解析模拟数据失败: 时间戳不能是未来时间: 2026-03-20 10:02:54.538240
2026-03-20 08:29:54,554 - ingestion - ERROR - 解析模拟数据失败: 时间戳不能是未来时间: 2026-03-20 10:03:54.538240
2026-03-20 08:29:54,554 - ingestion - ERROR - 解析模拟数据失败: 时间戳不能是未来时间: 2026-03-20 10:04:54.538240
2026-03-20 08:29:54,554 - ingestion - ERROR - 解析模拟数据失败: 时间戳不能是未来时间: 2026-03-20 10:05:54.538240
2026-03-20 08:29:54,554 - ingestion - ERROR - 解析模拟数据失败: 时间戳不能是未来时间: 2026-03-20 10:06:54.538240
2026-03-20 08:29:54,554 - ingestion - ERROR - 解析模拟数据失败: 时间戳不能是未来时间: 2026-03-20 10:07:54.538240
2026-03-20 08:29:54,554 - ingestion - ERROR - 解析模拟数据失败: 时间戳不能是未来时间: 2026-03-20 10:08:54.538240
2026-03-20 08:29:54,556 - ingestion - ERROR - 解析模拟数据失败: 时间戳不能是未来时间: 2026-03-20 10:09:54.538240
2026-03-20 08:29:54,556 - ingestion - ERROR - 解析模拟数据失败: 时间戳不能是未来时间: 2026-03-20 10:10:54.538240
2026-03-20 08:29:54,556 - ingestion - ERROR - 解析模拟数据失败: 时间戳不能是未来时间: 2026-03-20 10:11:54.538240
2026-03-20 08:29:54,556 - ingestion - ERROR - 解析模拟数据失败: 时间戳不能是未来时间: 2026-03-20 10:12:54.538240
2026-03-20 08:29:54,556 - ingestion - ERROR - 解析模拟数据失败: 时间戳不能是未来时间: 2026-03-20 10:13:54.538240
2026-03-20 08:29:54,556 - ingestion - ERROR - 解析模拟数据失败: 时间戳不能是未来时间: 2026-03-20 10:14:54.538240
2026-03-20 08:29:54,556 - ingestion - ERROR - 解析模拟数据失败: 时间戳不能是未来时间: 2026-03-20 10:15:54.538240
2026-03-20 08:29:54,556 - ingestion - ERROR - 解析模拟数据失败: 时间戳不能是未来时间: 2026-03-20 10:16:54.538240
2026-03-20 08:29:54,556 - ingestion - ERROR - 解析模拟数据失败: 时间戳不能是未来时间: 2026-03-20 10:17:54.538240
2026-03-20 08:29:54,556 - ingestion - ERROR - 解析模拟数据失败: 时间戳不能是未来时间: 2026-03-20 10:18:54.538240
2026-03-20 08:29:54,557 - ingestion - ERROR - 解析模拟数据失败: 时间戳不能是未来时间: 2026-03-20 10:19:54.538240
2026-03-20 08:29:54,557 - ingestion - ERROR - 解析模拟数据失败: 时间戳不能是未来时间: 2026-03-20 10:20:54.538240
2026-03-20 08:29:54,557 - ingestion - ERROR - 解析模拟数据失败: 时间戳不能是未来时间: 2026-03-20 10:21:54.538240
2026-03-20 08:29:54,557 - ingestion - ERROR - 解析模拟数据失败: 时间戳不能是未来时间: 2026-03-20 10:22:54.538240
2026-03-20 08:29:54,557 - ingestion - ERROR - 解析模拟数据失败: 时间戳不能是未来时间: 2026-03-20 10:23:54.538240
2026-03-20 08:29:54,557 - ingestion - ERROR - 解析模拟数据失败: 时间戳不能是未来时间: 2026-03-20 10:24:54.538240
2026-03-20 08:29:54,557 - ingestion - ERROR - 解析模拟数据失败: 时间戳不能是未来时间: 2026-03-20 10:25:54.538240
2026-03-20 08:29:54,557 - ingestion - ERROR - 解析模拟数据失败: 时间戳不能是未来时间: 2026-03-20 10:26:54.538240
2026-03-20 08:29:54,557 - ingestion - ERROR - 解析模拟数据失败: 时间戳不能是未来时间: 2026-03-20 10:27:54.538240
2026-03-20 08:29:54,557 - ingestion - ERROR - 解析模拟数据失败: 时间戳不能是未来时间: 2026-03-20 10:28:54.538240
2026-03-20 08:29:54,557 - ingestion - ERROR - 解析模拟数据失败: 时间戳不能是未来时间: 2026-03-20 10:29:54.538240
2026-03-20 08:29:54,557 - ingestion - ERROR - 解析模拟数据失败: 时间戳不能是未来时间: 2026-03-20 10:30:54.538240
2026-03-20 08:29:54,559 - ingestion - ERROR - 解析模拟数据失败: 时间戳不能是未来时间: 2026-03-20 10:31:54.538240
2026-03-20 08:29:54,559 - ingestion - ERROR - 解析模拟数据失败: 时间戳不能是未来时间: 2026-03-20 10:32:54.538240
2026-03-20 08:29:54,559 - ingestion - ERROR - 解析模拟数据失败: 时间戳不能是未来时间: 2026-03-20 10:33:54.538240
2026-03-20 08:29:54,559 - ingestion - ERROR - 解析模拟数据失败: 时间戳不能是未来时间: 2026-03-20 10:34:54.538240
2026-03-20 08:29:54,559 - ingestion - ERROR - 解析模拟数据失败: 时间戳不能是未来时间: 2026-03-20 10:35:54.538240
2026-03-20 08:29:54,559 - ingestion - ERROR - 解析模拟数据失败: 时间戳不能是未来时间: 2026-03-20 10:36:54.538240
2026-03-20 08:29:54,559 - ingestion - ERROR - 解析模拟数据失败: 时间戳不能是未来时间: 2026-03-20 10:37:54.538240
2026-03-20 08:29:54,560 - ingestion - ERROR - 解析模拟数据失败: 时间戳不能是未来时间: 2026-03-20 10:38:54.538240
2026-03-20 08:29:54,560 - ingestion - ERROR - 解析模拟数据失败: 时间戳不能是未来时间: 2026-03-20 10:39:54.538240
2026-03-20 08:29:54,560 - ingestion - ERROR - 解析模拟数据失败: 时间戳不能是未来时间: 2026-03-20 10:40:54.538240
2026-03-20 08:29:54,560 - ingestion - ERROR - 解析模拟数据失败: 时间戳不能是未来时间: 2026-03-20 10:41:54.538240
2026-03-20 08:29:54,560 - ingestion - ERROR - 解析模拟数据失败: 时间戳不能是未来时间: 2026-03-20 10:42:54.538240
2026-03-20 08:29:54,560 - ingestion - ERROR - 解析模拟数据失败: 时间戳不能是未来时间: 2026-03-20 10:43:54.538240
2026-03-20 08:29:54,560 - ingestion - ERROR - 解析模拟数据失败: 时间戳不能是未来时间: 2026-03-20 10:44:54.538240
2026-03-20 08:29:54,560 - ingestion - ERROR - 解析模拟数据失败: 时间戳不能是未来时间: 2026-03-20 10:45:54.538240
2026-03-20 08:29:54,560 - ingestion - ERROR - 解析模拟数据失败: 时间戳不能是未来时间: 2026-03-20 10:46:54.538240
2026-03-20 08:29:54,562 - ingestion - ERROR - 解析模拟数据失败: 时间戳不能是未来时间: 2026-03-20 10:47:54.538240
2026-03-20 08:29:54,562 - ingestion - ERROR - 解析模拟数据失败: 时间戳不能是未来时间: 2026-03-20 10:48:54.538240
2026-03-20 08:29:54,562 - ingestion - ERROR - 解析模拟数据失败: 时间戳不能是未来时间: 2026-03-20 10:49:54.538240
2026-03-20 08:29:54,562 - ingestion - ERROR - 解析模拟数据失败: 时间戳不能是未来时间: 2026-03-20 10:50:54.538240
2026-03-20 08:29:54,562 - ingestion - ERROR - 解析模拟数据失败: 时间戳不能是未来时间: 2026-03-20 10:51:54.538240
2026-03-20 08:29:54,562 - ingestion - ERROR - 解析模拟数据失败: 时间戳不能是未来时间: 2026-03-20 10:52:54.538240
2026-03-20 08:29:54,562 - ingestion - ERROR - 解析模拟数据失败: 时间戳不能是未来时间: 2026-03-20 10:53:54.538240
2026-03-20 08:29:54,562 - ingestion - ERROR - 解析模拟数据失败: 时间戳不能是未来时间: 2026-03-20 10:54:54.538240
2026-03-20 08:29:54,562 - ingestion - ERROR - 解析模拟数据失败: 时间戳不能是未来时间: 2026-03-20 10:55:54.538240
2026-03-20 08:29:54,563 - ingestion - ERROR - 解析模拟数据失败: 时间戳不能是未来时间: 2026-03-20 10:56:54.538240
2026-03-20 08:29:54,563 - ingestion - ERROR - 解析模拟数据失败: 时间戳不能是未来时间: 2026-03-20 10:57:54.538240
2026-03-20 08:29:54,563 - ingestion - ERROR - 解析模拟数据失败: 时间戳不能是未来时间: 2026-03-20 10:58:54.538240
2026-03-20 08:29:54,563 - ingestion - ERROR - 解析模拟数据失败: 时间戳不能是未来时间: 2026-03-20 10:59:54.538240
2026-03-20 08:29:54,563 - ingestion - ERROR - 解析模拟数据失败: 时间戳不能是未来时间: 2026-03-20 11:00:54.538240
2026-03-20 08:29:54,563 - ingestion - ERROR - 解析模拟数据失败: 时间戳不能是未来时间: 2026-03-20 11:01:54.538240
2026-03-20 08:29:54,563 - ingestion - ERROR - 解析模拟数据失败: 时间戳不能是未来时间: 2026-03-20 11:02:54.538240
2026-03-20 08:29:54,563 - ingestion - ERROR - 解析模拟数据失败: 时间戳不能是未来时间: 2026-03-20 11:03:54.538240
2026-03-20 08:29:54,563 - ingestion - ERROR - 解析模拟数据失败: 时间戳不能是未来时间: 2026-03-20 11:04:54.538240
2026-03-20 08:29:54,563 - ingestion - ERROR - 解析模拟数据失败: 时间戳不能是未来时间: 2026-03-20 11:05:54.538240
2026-03-20 08:29:54,563 - ingestion - ERROR - 解析模拟数据失败: 时间戳不能是未来时间: 2026-03-20 11:06:54.538240
2026-03-20 08:29:54,565 - ingestion - ERROR - 解析模拟数据失败: 时间戳不能是未来时间: 2026-03-20 11:07:54.538240
2026-03-20 08:29:54,565 - ingestion - ERROR - 解析模拟数据失败: 时间戳不能是未来时间: 2026-03-20 11:08:54.538240
2026-03-20 08:29:54,565 - ingestion - ERROR - 解析模拟数据失败: 时间戳不能是未来时间: 2026-03-20 11:09:54.538240
2026-03-20 08:29:54,565 - ingestion - ERROR - 解析模拟数据失败: 时间戳不能是未来时间: 2026-03-20 11:10:54.538240
2026-03-20 08:29:54,565 - ingestion - ERROR - 解析模拟数据失败: 时间戳不能是未来时间: 2026-03-20 11:11:54.538240
2026-03-20 08:29:54,565 - ingestion - ERROR - 解析模拟数据失败: 时间戳不能是未来时间: 2026-03-20 11:12:54.538240
2026-03-20 08:29:54,565 - ingestion - ERROR - 解析模拟数据失败: 时间戳不能是未来时间: 2026-03-20 11:13:54.538240
2026-03-20 08:29:54,565 - ingestion - ERROR - 解析模拟数据失败: 时间戳不能是未来时间: 2026-03-20 11:14:54.538240
2026-03-20 08:29:54,565 - ingestion - ERROR - 解析模拟数据失败: 时间戳不能是未来时间: 2026-03-20 11:15:54.538240
2026-03-20 08:29:54,566 - ingestion - ERROR - 解析模拟数据失败: 时间戳不能是未来时间: 2026-03-20 11:16:54.538240
2026-03-20 08:29:54,566 - ingestion - ERROR - 解析模拟数据失败: 时间戳不能是未来时间: 2026-03-20 11:17:54.538240
2026-03-20 08:29:54,566 - ingestion - ERROR - 解析模拟数据失败: 时间戳不能是未来时间: 2026-03-20 11:18:54.538240
2026-03-20 08:29:54,566 - ingestion - ERROR - 解析模拟数据失败: 时间戳不能是未来时间: 2026-03-20 11:19:54.538240
2026-03-20 08:29:54,566 - ingestion - ERROR - 解析模拟数据失败: 时间戳不能是未来时间: 2026-03-20 11:20:54.538240
2026-03-20 08:29:54,566 - ingestion - ERROR - 解析模拟数据失败: 时间戳不能是未来时间: 2026-03-20 11:21:54.538240
2026-03-20 08:29:54,566 - ingestion - ERROR - 解析模拟数据失败: 时间戳不能是未来时间: 2026-03-20 11:22:54.538240
2026-03-20 08:29:54,566 - ingestion - ERROR - 解析模拟数据失败: 时间戳不能是未来时间: 2026-03-20 11:23:54.538240
2026-03-20 08:29:54,566 - ingestion - ERROR - 解析模拟数据失败: 时间戳不能是未来时间: 2026-03-20 11:24:54.538240
2026-03-20 08:29:54,566 - ingestion - ERROR - 解析模拟数据失败: 时间戳不能是未来时间: 2026-03-20 11:25:54.538240
2026-03-20 08:29:54,566 - ingestion - ERROR - 解析模拟数据失败: 时间戳不能是未来时间: 2026-03-20 11:26:54.538240
2026-03-20 08:29:54,568 - ingestion - ERROR - 解析模拟数据失败: 时间戳不能是未来时间: 2026-03-20 11:27:54.538240
2026-03-20 08:29:54,568 - ingestion - ERROR - 解析模拟数据失败: 时间戳不能是未来时间: 2026-03-20 11:28:54.538240
2026-03-20 08:29:54,568 - ingestion - ERROR - 解析模拟数据失败: 时间戳不能是未来时间: 2026-03-20 11:29:54.538240
2026-03-20 08:29:54,568 - ingestion - ERROR - 解析模拟数据失败: 时间戳不能是未来时间: 2026-03-20 11:30:54.538240
2026-03-20 08:29:54,568 - ingestion - ERROR - 解析模拟数据失败: 时间戳不能是未来时间: 2026-03-20 11:31:54.538240
2026-03-20 08:29:54,568 - ingestion - ERROR - 解析模拟数据失败: 时间戳不能是未来时间: 2026-03-20 11:32:54.538240
2026-03-20 08:29:54,568 - ingestion - ERROR - 解析模拟数据失败: 时间戳不能是未来时间: 2026-03-20 11:33:54.538240
2026-03-20 08:29:54,568 - ingestion - ERROR - 解析模拟数据失败: 时间戳不能是未来时间: 2026-03-20 11:34:54.538240
2026-03-20 08:29:54,568 - ingestion - ERROR - 解析模拟数据失败: 时间戳不能是未来时间: 2026-03-20 11:35:54.538240
2026-03-20 08:29:54,568 - ingestion - ERROR - 解析模拟数据失败: 时间戳不能是未来时间: 2026-03-20 11:36:54.538240
2026-03-20 08:29:54,568 - ingestion - ERROR - 解析模拟数据失败: 时间戳不能是未来时间: 2026-03-20 11:37:54.538240
2026-03-20 08:29:54,568 - ingestion - ERROR - 解析模拟数据失败: 时间戳不能是未来时间: 2026-03-20 11:38:54.538240
2026-03-20 08:29:54,568 - ingestion - ERROR - 解析模拟数据失败: 时间戳不能是未来时间: 2026-03-20 11:39:54.538240
2026-03-20 08:29:54,570 - ingestion - ERROR - 解析模拟数据失败: 时间戳不能是未来时间: 2026-03-20 11:40:54.538240
2026-03-20 08:29:54,570 - ingestion - ERROR - 解析模拟数据失败: 时间戳不能是未来时间: 2026-03-20 11:41:54.538240
2026-03-20 08:29:54,570 - ingestion - ERROR - 解析模拟数据失败: 时间戳不能是未来时间: 2026-03-20 11:42:54.538240
2026-03-20 08:29:54,570 - ingestion - ERROR - 解析模拟数据失败: 时间戳不能是未来时间: 2026-03-20 11:43:54.538240
2026-03-20 08:29:54,570 - ingestion - ERROR - 解析模拟数据失败: 时间戳不能是未来时间: 2026-03-20 11:44:54.538240
2026-03-20 08:29:54,570 - ingestion - ERROR - 解析模拟数据失败: 时间戳不能是未来时间: 2026-03-20 11:45:54.538240
2026-03-20 08:29:54,570 - ingestion - ERROR - 解析模拟数据失败: 时间戳不能是未来时间: 2026-03-20 11:46:54.538240
2026-03-20 08:29:54,570 - ingestion - ERROR - 解析模拟数据失败: 时间戳不能是未来时间: 2026-03-20 11:47:54.538240
2026-03-20 08:29:54,570 - ingestion - ERROR - 解析模拟数据失败: 时间戳不能是未来时间: 2026-03-20 11:48:54.538240
2026-03-20 08:29:54,571 - ingestion - ERROR - 解析模拟数据失败: 时间戳不能是未来时间: 2026-03-20 11:49:54.538240
2026-03-20 08:29:54,571 - ingestion - ERROR - 解析模拟数据失败: 时间戳不能是未来时间: 2026-03-20 11:50:54.538240
2026-03-20 08:29:54,571 - ingestion - ERROR - 解析模拟数据失败: 时间戳不能是未来时间: 2026-03-20 11:51:54.538240
2026-03-20 08:29:54,571 - ingestion - ERROR - 解析模拟数据失败: 时间戳不能是未来时间: 2026-03-20 11:52:54.538240
2026-03-20 08:29:54,571 - ingestion - ERROR - 解析模拟数据失败: 时间戳不能是未来时间: 2026-03-20 11:53:54.538240
2026-03-20 08:29:54,571 - ingestion - ERROR - 解析模拟数据失败: 时间戳不能是未来时间: 2026-03-20 11:54:54.538240
2026-03-20 08:29:54,571 - ingestion - ERROR - 解析模拟数据失败: 时间戳不能是未来时间: 2026-03-20 11:55:54.538240
2026-03-20 08:29:54,571 - ingestion - ERROR - 解析模拟数据失败: 时间戳不能是未来时间: 2026-03-20 11:56:54.538240
2026-03-20 08:29:54,571 - ingestion - ERROR - 解析模拟数据失败: 时间戳不能是未来时间: 2026-03-20 11:57:54.538240
2026-03-20 08:29:54,573 - ingestion - ERROR - 解析模拟数据失败: 时间戳不能是未来时间: 2026-03-20 11:58:54.538240
2026-03-20 08:29:54,573 - ingestion - ERROR - 解析模拟数据失败: 时间戳不能是未来时间: 2026-03-20 11:59:54.538240
2026-03-20 08:29:54,573 - ingestion - ERROR - 解析模拟数据失败: 时间戳不能是未来时间: 2026-03-20 12:00:54.538240
2026-03-20 08:29:54,573 - ingestion - ERROR - 解析模拟数据失败: 时间戳不能是未来时间: 2026-03-20 12:01:54.538240
2026-03-20 08:29:54,573 - ingestion - ERROR - 解析模拟数据失败: 时间戳不能是未来时间: 2026-03-20 12:02:54.538240
2026-03-20 08:29:54,574 - ingestion - ERROR - 解析模拟数据失败: 时间戳不能是未来时间: 2026-03-20 12:03:54.538240
2026-03-20 08:29:54,574 - ingestion - ERROR - 解析模拟数据失败: 时间戳不能是未来时间: 2026-03-20 12:04:54.538240
2026-03-20 08:29:54,574 - ingestion - ERROR - 解析模拟数据失败: 时间戳不能是未来时间: 2026-03-20 12:05:54.538240
2026-03-20 08:29:54,574 - ingestion - ERROR - 解析模拟数据失败: 时间戳不能是未来时间: 2026-03-20 12:06:54.538240
2026-03-20 08:29:54,574 - ingestion - ERROR - 解析模拟数据失败: 时间戳不能是未来时间: 2026-03-20 12:07:54.538240
2026-03-20 08:29:54,574 - ingestion - ERROR - 解析模拟数据失败: 时间戳不能是未来时间: 2026-03-20 12:08:54.538240
2026-03-20 08:29:54,574 - ingestion - ERROR - 解析模拟数据失败: 时间戳不能是未来时间: 2026-03-20 12:09:54.538240
2026-03-20 08:29:54,574 - ingestion - ERROR - 解析模拟数据失败: 时间戳不能是未来时间: 2026-03-20 12:10:54.538240
2026-03-20 08:29:54,574 - ingestion - ERROR - 解析模拟数据失败: 时间戳不能是未来时间: 2026-03-20 12:11:54.538240
2026-03-20 08:29:54,574 - ingestion - ERROR - 解析模拟数据失败: 时间戳不能是未来时间: 2026-03-20 12:12:54.538240
2026-03-20 08:29:54,574 - ingestion - ERROR - 解析模拟数据失败: 时间戳不能是未来时间: 2026-03-20 12:13:54.538240
2026-03-20 08:29:54,574 - ingestion - ERROR - 解析模拟数据失败: 时间戳不能是未来时间: 2026-03-20 12:14:54.538240
2026-03-20 08:29:54,574 - ingestion - ERROR - 解析模拟数据失败: 时间戳不能是未来时间: 2026-03-20 12:15:54.538240
2026-03-20 08:29:54,574 - ingestion - ERROR - 解析模拟数据失败: 时间戳不能是未来时间: 2026-03-20 12:16:54.538240
2026-03-20 08:29:54,576 - ingestion - ERROR - 解析模拟数据失败: 时间戳不能是未来时间: 2026-03-20 12:17:54.538240
2026-03-20 08:29:54,576 - ingestion - ERROR - 解析模拟数据失败: 时间戳不能是未来时间: 2026-03-20 12:18:54.538240
2026-03-20 08:29:54,576 - ingestion - ERROR - 解析模拟数据失败: 时间戳不能是未来时间: 2026-03-20 12:19:54.538240
2026-03-20 08:29:54,576 - ingestion - ERROR - 解析模拟数据失败: 时间戳不能是未来时间: 2026-03-20 12:20:54.538240
2026-03-20 08:29:54,576 - ingestion - ERROR - 解析模拟数据失败: 时间戳不能是未来时间: 2026-03-20 12:21:54.538240
2026-03-20 08:29:54,576 - ingestion - ERROR - 解析模拟数据失败: 时间戳不能是未来时间: 2026-03-20 12:22:54.538240
2026-03-20 08:29:54,576 - ingestion - ERROR - 解析模拟数据失败: 时间戳不能是未来时间: 2026-03-20 12:23:54.538240
2026-03-20 08:29:54,576 - ingestion - ERROR - 解析模拟数据失败: 时间戳不能是未来时间: 2026-03-20 12:24:54.538240
2026-03-20 08:29:54,576 - ingestion - ERROR - 解析模拟数据失败: 时间戳不能是未来时间: 2026-03-20 12:25:54.538240
2026-03-20 08:29:54,577 - ingestion - ERROR - 解析模拟数据失败: 时间戳不能是未来时间: 2026-03-20 12:26:54.538240
2026-03-20 08:29:54,577 - ingestion - ERROR - 解析模拟数据失败: 时间戳不能是未来时间: 2026-03-20 12:27:54.538240
2026-03-20 08:29:54,577 - ingestion - ERROR - 解析模拟数据失败: 时间戳不能是未来时间: 2026-03-20 12:28:54.538240
2026-03-20 08:29:54,577 - ingestion - ERROR - 解析模拟数据失败: 时间戳不能是未来时间: 2026-03-20 12:29:54.538240
2026-03-20 08:29:54,577 - ingestion - ERROR - 解析模拟数据失败: 时间戳不能是未来时间: 2026-03-20 12:30:54.538240
2026-03-20 08:29:54,577 - ingestion - ERROR - 解析模拟数据失败: 时间戳不能是未来时间: 2026-03-20 12:31:54.538240
2026-03-20 08:29:54,577 - ingestion - ERROR - 解析模拟数据失败: 时间戳不能是未来时间: 2026-03-20 12:32:54.538240
2026-03-20 08:29:54,577 - ingestion - ERROR - 解析模拟数据失败: 时间戳不能是未来时间: 2026-03-20 12:33:54.538240
2026-03-20 08:29:54,577 - ingestion - ERROR - 解析模拟数据失败: 时间戳不能是未来时间: 2026-03-20 12:34:54.538240
2026-03-20 08:29:54,577 - ingestion - ERROR - 解析模拟数据失败: 时间戳不能是未来时间: 2026-03-20 12:35:54.538240
2026-03-20 08:29:54,579 - ingestion - ERROR - 解析模拟数据失败: 时间戳不能是未来时间: 2026-03-20 12:36:54.538240
2026-03-20 08:29:54,579 - ingestion - ERROR - 解析模拟数据失败: 时间戳不能是未来时间: 2026-03-20 12:37:54.538240
2026-03-20 08:29:54,579 - ingestion - ERROR - 解析模拟数据失败: 时间戳不能是未来时间: 2026-03-20 12:38:54.538240
2026-03-20 08:29:54,579 - ingestion - ERROR - 解析模拟数据失败: 时间戳不能是未来时间: 2026-03-20 12:39:54.538240
2026-03-20 08:29:54,579 - ingestion - ERROR - 解析模拟数据失败: 时间戳不能是未来时间: 2026-03-20 12:40:54.538240
2026-03-20 08:29:54,579 - ingestion - ERROR - 解析模拟数据失败: 时间戳不能是未来时间: 2026-03-20 12:41:54.538240
2026-03-20 08:29:54,579 - ingestion - ERROR - 解析模拟数据失败: 时间戳不能是未来时间: 2026-03-20 12:42:54.538240
2026-03-20 08:29:54,579 - ingestion - ERROR - 解析模拟数据失败: 时间戳不能是未来时间: 2026-03-20 12:43:54.538240
2026-03-20 08:29:54,579 - ingestion - ERROR - 解析模拟数据失败: 时间戳不能是未来时间: 2026-03-20 12:44:54.538240
2026-03-20 08:29:54,579 - ingestion - ERROR - 解析模拟数据失败: 时间戳不能是未来时间: 2026-03-20 12:45:54.538240
2026-03-20 08:29:54,579 - ingestion - ERROR - 解析模拟数据失败: 时间戳不能是未来时间: 2026-03-20 12:46:54.538240
2026-03-20 08:29:54,580 - ingestion - ERROR - 解析模拟数据失败: 时间戳不能是未来时间: 2026-03-20 12:47:54.538240
2026-03-20 08:29:54,580 - ingestion - ERROR - 解析模拟数据失败: 时间戳不能是未来时间: 2026-03-20 12:48:54.538240
2026-03-20 08:29:54,580 - ingestion - ERROR - 解析模拟数据失败: 时间戳不能是未来时间: 2026-03-20 12:49:54.538240
2026-03-20 08:29:54,580 - ingestion - ERROR - 解析模拟数据失败: 时间戳不能是未来时间: 2026-03-20 12:50:54.538240
2026-03-20 08:29:54,580 - ingestion - ERROR - 解析模拟数据失败: 时间戳不能是未来时间: 2026-03-20 12:51:54.538240
2026-03-20 08:29:54,580 - ingestion - ERROR - 解析模拟数据失败: 时间戳不能是未来时间: 2026-03-20 12:52:54.538240
2026-03-20 08:29:54,580 - ingestion - ERROR - 解析模拟数据失败: 时间戳不能是未来时间: 2026-03-20 12:53:54.538240
2026-03-20 08:29:54,580 - ingestion - ERROR - 解析模拟数据失败: 时间戳不能是未来时间: 2026-03-20 12:54:54.538240
2026-03-20 08:29:54,582 - ingestion - ERROR - 解析模拟数据失败: 时间戳不能是未来时间: 2026-03-20 12:55:54.538240
2026-03-20 08:29:54,582 - ingestion - ERROR - 解析模拟数据失败: 时间戳不能是未来时间: 2026-03-20 12:56:54.538240
2026-03-20 08:29:54,582 - ingestion - ERROR - 解析模拟数据失败: 时间戳不能是未来时间: 2026-03-20 12:57:54.538240
2026-03-20 08:29:54,582 - ingestion - ERROR - 解析模拟数据失败: 时间戳不能是未来时间: 2026-03-20 12:58:54.538240
2026-03-20 08:29:54,582 - ingestion - ERROR - 解析模拟数据失败: 时间戳不能是未来时间: 2026-03-20 12:59:54.538240
2026-03-20 08:29:54,582 - ingestion - ERROR - 解析模拟数据失败: 时间戳不能是未来时间: 2026-03-20 13:00:54.538240
2026-03-20 08:29:54,582 - ingestion - ERROR - 解析模拟数据失败: 时间戳不能是未来时间: 2026-03-20 13:01:54.538240
2026-03-20 08:29:54,582 - ingestion - ERROR - 解析模拟数据失败: 时间戳不能是未来时间: 2026-03-20 13:02:54.538240
2026-03-20 08:29:54,583 - ingestion - ERROR - 解析模拟数据失败: 时间戳不能是未来时间: 2026-03-20 13:03:54.538240
2026-03-20 08:29:54,583 - ingestion - ERROR - 解析模拟数据失败: 时间戳不能是未来时间: 2026-03-20 13:04:54.538240
2026-03-20 08:29:54,583 - ingestion - ERROR - 解析模拟数据失败: 时间戳不能是未来时间: 2026-03-20 13:05:54.538240
2026-03-20 08:29:54,583 - ingestion - ERROR - 解析模拟数据失败: 时间戳不能是未来时间: 2026-03-20 13:06:54.538240
2026-03-20 08:29:54,583 - ingestion - ERROR - 解析模拟数据失败: 时间戳不能是未来时间: 2026-03-20 13:07:54.538240
2026-03-20 08:29:54,583 - ingestion - ERROR - 解析模拟数据失败: 时间戳不能是未来时间: 2026-03-20 13:08:54.538240
2026-03-20 08:29:54,585 - ingestion - ERROR - 解析模拟数据失败: 时间戳不能是未来时间: 2026-03-20 13:09:54.538240
2026-03-20 08:29:54,585 - ingestion - ERROR - 解析模拟数据失败: 时间戳不能是未来时间: 2026-03-20 13:10:54.538240
2026-03-20 08:29:54,585 - ingestion - ERROR - 解析模拟数据失败: 时间戳不能是未来时间: 2026-03-20 13:11:54.538240
2026-03-20 08:29:54,585 - ingestion - ERROR - 解析模拟数据失败: 时间戳不能是未来时间: 2026-03-20 13:12:54.538240
2026-03-20 08:29:54,585 - ingestion - ERROR - 解析模拟数据失败: 时间戳不能是未来时间: 2026-03-20 13:13:54.538240
2026-03-20 08:29:54,585 - ingestion - ERROR - 解析模拟数据失败: 时间戳不能是未来时间: 2026-03-20 13:14:54.538240
2026-03-20 08:29:54,585 - ingestion - ERROR - 解析模拟数据失败: 时间戳不能是未来时间: 2026-03-20 13:15:54.538240
2026-03-20 08:29:54,585 - ingestion - ERROR - 解析模拟数据失败: 时间戳不能是未来时间: 2026-03-20 13:16:54.538240
2026-03-20 08:29:54,586 - ingestion - ERROR - 解析模拟数据失败: 时间戳不能是未来时间: 2026-03-20 13:17:54.538240
2026-03-20 08:29:54,586 - ingestion - ERROR - 解析模拟数据失败: 时间戳不能是未来时间: 2026-03-20 13:18:54.538240
2026-03-20 08:29:54,586 - ingestion - ERROR - 解析模拟数据失败: 时间戳不能是未来时间: 2026-03-20 13:19:54.538240
2026-03-20 08:29:54,586 - ingestion - ERROR - 解析模拟数据失败: 时间戳不能是未来时间: 2026-03-20 13:20:54.538240
2026-03-20 08:29:54,586 - ingestion - ERROR - 解析模拟数据失败: 时间戳不能是未来时间: 2026-03-20 13:21:54.538240
2026-03-20 08:29:54,586 - ingestion - ERROR - 解析模拟数据失败: 时间戳不能是未来时间: 2026-03-20 13:22:54.538240
2026-03-20 08:29:54,586 - ingestion - ERROR - 解析模拟数据失败: 时间戳不能是未来时间: 2026-03-20 13:23:54.538240
2026-03-20 08:29:54,586 - ingestion - ERROR - 解析模拟数据失败: 时间戳不能是未来时间: 2026-03-20 13:24:54.538240
2026-03-20 08:29:54,586 - ingestion - ERROR - 解析模拟数据失败: 时间戳不能是未来时间: 2026-03-20 13:25:54.538240
2026-03-20 08:29:54,586 - ingestion - ERROR - 解析模拟数据失败: 时间戳不能是未来时间: 2026-03-20 13:26:54.538240
2026-03-20 08:29:54,586 - ingestion - ERROR - 解析模拟数据失败: 时间戳不能是未来时间: 2026-03-20 13:27:54.538240
2026-03-20 08:29:54,586 - ingestion - ERROR - 解析模拟数据失败: 时间戳不能是未来时间: 2026-03-20 13:28:54.538240
2026-03-20 08:29:54,586 - ingestion - ERROR - 解析模拟数据失败: 时间戳不能是未来时间: 2026-03-20 13:29:54.538240
2026-03-20 08:29:54,586 - ingestion - ERROR - 解析模拟数据失败: 时间戳不能是未来时间: 2026-03-20 13:30:54.538240
2026-03-20 08:29:54,586 - ingestion - ERROR - 解析模拟数据失败: 时间戳不能是未来时间: 2026-03-20 13:31:54.538240
2026-03-20 08:29:54,586 - ingestion - ERROR - 解析模拟数据失败: 时间戳不能是未来时间: 2026-03-20 13:32:54.538240
2026-03-20 08:29:54,588 - ingestion - ERROR - 解析模拟数据失败: 时间戳不能是未来时间: 2026-03-20 13:33:54.538240
2026-03-20 08:29:54,588 - ingestion - ERROR - 解析模拟数据失败: 时间戳不能是未来时间: 2026-03-20 13:34:54.538240
2026-03-20 08:29:54,588 - ingestion - ERROR - 解析模拟数据失败: 时间戳不能是未来时间: 2026-03-20 13:35:54.538240
2026-03-20 08:29:54,588 - ingestion - ERROR - 解析模拟数据失败: 时间戳不能是未来时间: 2026-03-20 13:36:54.538240
2026-03-20 08:29:54,588 - ingestion - ERROR - 解析模拟数据失败: 时间戳不能是未来时间: 2026-03-20 13:37:54.538240
2026-03-20 08:29:54,588 - ingestion - ERROR - 解析模拟数据失败: 时间戳不能是未来时间: 2026-03-20 13:38:54.538240
2026-03-20 08:29:54,589 - ingestion - ERROR - 解析模拟数据失败: 时间戳不能是未来时间: 2026-03-20 13:39:54.538240
2026-03-20 08:29:54,589 - ingestion - ERROR - 解析模拟数据失败: 时间戳不能是未来时间: 2026-03-20 13:40:54.538240
2026-03-20 08:29:54,589 - ingestion - ERROR - 解析模拟数据失败: 时间戳不能是未来时间: 2026-03-20 13:41:54.538240
2026-03-20 08:29:54,589 - ingestion - ERROR - 解析模拟数据失败: 时间戳不能是未来时间: 2026-03-20 13:42:54.538240
2026-03-20 08:29:54,589 - ingestion - ERROR - 解析模拟数据失败: 时间戳不能是未来时间: 2026-03-20 13:43:54.538240
2026-03-20 08:29:54,589 - ingestion - ERROR - 解析模拟数据失败: 时间戳不能是未来时间: 2026-03-20 13:44:54.538240
2026-03-20 08:29:54,590 - ingestion - ERROR - 解析模拟数据失败: 时间戳不能是未来时间: 2026-03-20 13:45:54.538240
2026-03-20 08:29:54,590 - ingestion - ERROR - 解析模拟数据失败: 时间戳不能是未来时间: 2026-03-20 13:46:54.538240
2026-03-20 08:29:54,590 - ingestion - ERROR - 解析模拟数据失败: 时间戳不能是未来时间: 2026-03-20 13:47:54.538240
2026-03-20 08:29:54,590 - ingestion - ERROR - 解析模拟数据失败: 时间戳不能是未来时间: 2026-03-20 13:48:54.538240
2026-03-20 08:29:54,590 - ingestion - ERROR - 解析模拟数据失败: 时间戳不能是未来时间: 2026-03-20 13:49:54.538240
2026-03-20 08:29:54,590 - ingestion - ERROR - 解析模拟数据失败: 时间戳不能是未来时间: 2026-03-20 13:50:54.538240
2026-03-20 08:29:54,590 - ingestion - ERROR - 解析模拟数据失败: 时间戳不能是未来时间: 2026-03-20 13:51:54.538240
2026-03-20 08:29:54,590 - ingestion - ERROR - 解析模拟数据失败: 时间戳不能是未来时间: 2026-03-20 13:52:54.538240
2026-03-20 08:29:54,591 - ingestion - ERROR - 解析模拟数据失败: 时间戳不能是未来时间: 2026-03-20 13:53:54.538240
2026-03-20 08:29:54,591 - ingestion - ERROR - 解析模拟数据失败: 时间戳不能是未来时间: 2026-03-20 13:54:54.538240
2026-03-20 08:29:54,591 - ingestion - ERROR - 解析模拟数据失败: 时间戳不能是未来时间: 2026-03-20 13:55:54.538240
2026-03-20 08:29:54,591 - ingestion - ERROR - 解析模拟数据失败: 时间戳不能是未来时间: 2026-03-20 13:56:54.538240
2026-03-20 08:29:54,591 - ingestion - ERROR - 解析模拟数据失败: 时间戳不能是未来时间: 2026-03-20 13:57:54.538240
2026-03-20 08:29:54,591 - ingestion - ERROR - 解析模拟数据失败: 时间戳不能是未来时间: 2026-03-20 13:58:54.538240
2026-03-20 08:29:54,591 - ingestion - ERROR - 解析模拟数据失败: 时间戳不能是未来时间: 2026-03-20 13:59:54.538240
2026-03-20 08:29:54,591 - ingestion - ERROR - 解析模拟数据失败: 时间戳不能是未来时间: 2026-03-20 14:00:54.538240
2026-03-20 08:29:54,591 - ingestion - ERROR - 解析模拟数据失败: 时间戳不能是未来时间: 2026-03-20 14:01:54.538240
2026-03-20 08:29:54,591 - ingestion - ERROR - 解析模拟数据失败: 时间戳不能是未来时间: 2026-03-20 14:02:54.538240
2026-03-20 08:29:54,591 - ingestion - ERROR - 解析模拟数据失败: 时间戳不能是未来时间: 2026-03-20 14:03:54.538240
2026-03-20 08:29:54,591 - ingestion - ERROR - 解析模拟数据失败: 时间戳不能是未来时间: 2026-03-20 14:04:54.538240
2026-03-20 08:29:54,592 - ingestion - ERROR - 解析模拟数据失败: 时间戳不能是未来时间: 2026-03-20 14:05:54.538240
2026-03-20 08:29:54,592 - ingestion - ERROR - 解析模拟数据失败: 时间戳不能是未来时间: 2026-03-20 14:06:54.538240
2026-03-20 08:29:54,592 - ingestion - ERROR - 解析模拟数据失败: 时间戳不能是未来时间: 2026-03-20 14:07:54.538240
2026-03-20 08:29:54,593 - ingestion - ERROR - 解析模拟数据失败: 时间戳不能是未来时间: 2026-03-20 14:08:54.538240
2026-03-20 08:29:54,594 - ingestion - ERROR - 解析模拟数据失败: 时间戳不能是未来时间: 2026-03-20 14:09:54.538240
2026-03-20 08:29:54,594 - ingestion - ERROR - 解析模拟数据失败: 时间戳不能是未来时间: 2026-03-20 14:10:54.538240
2026-03-20 08:29:54,594 - ingestion - ERROR - 解析模拟数据失败: 时间戳不能是未来时间: 2026-03-20 14:11:54.538240
2026-03-20 08:29:54,594 - ingestion - ERROR - 解析模拟数据失败: 时间戳不能是未来时间: 2026-03-20 14:12:54.538240
2026-03-20 08:29:54,594 - ingestion - ERROR - 解析模拟数据失败: 时间戳不能是未来时间: 2026-03-20 14:13:54.538240
2026-03-20 08:29:54,594 - ingestion - ERROR - 解析模拟数据失败: 时间戳不能是未来时间: 2026-03-20 14:14:54.538240
2026-03-20 08:29:54,595 - ingestion - ERROR - 解析模拟数据失败: 时间戳不能是未来时间: 2026-03-20 14:15:54.538240
2026-03-20 08:29:54,595 - ingestion - ERROR - 解析模拟数据失败: 时间戳不能是未来时间: 2026-03-20 14:16:54.538240
2026-03-20 08:29:54,595 - ingestion - ERROR - 解析模拟数据失败: 时间戳不能是未来时间: 2026-03-20 14:17:54.538240
2026-03-20 08:29:54,595 - ingestion - ERROR - 解析模拟数据失败: 时间戳不能是未来时间: 2026-03-20 14:18:54.538240
2026-03-20 08:29:54,595 - ingestion - ERROR - 解析模拟数据失败: 时间戳不能是未来时间: 2026-03-20 14:19:54.538240
2026-03-20 08:29:54,595 - ingestion - ERROR - 解析模拟数据失败: 时间戳不能是未来时间: 2026-03-20 14:20:54.538240
2026-03-20 08:29:54,595 - ingestion - ERROR - 解析模拟数据失败: 时间戳不能是未来时间: 2026-03-20 14:21:54.538240
2026-03-20 08:29:54,595 - ingestion - ERROR - 解析模拟数据失败: 时间戳不能是未来时间: 2026-03-20 14:22:54.538240
2026-03-20 08:29:54,595 - ingestion - ERROR - 解析模拟数据失败: 时间戳不能是未来时间: 2026-03-20 14:23:54.538240
2026-03-20 08:29:54,597 - ingestion - ERROR - 解析模拟数据失败: 时间戳不能是未来时间: 2026-03-20 14:24:54.538240
2026-03-20 08:29:54,597 - ingestion - ERROR - 解析模拟数据失败: 时间戳不能是未来时间: 2026-03-20 14:25:54.538240
2026-03-20 08:29:54,597 - ingestion - ERROR - 解析模拟数据失败: 时间戳不能是未来时间: 2026-03-20 14:26:54.538240
2026-03-20 08:29:54,597 - ingestion - ERROR - 解析模拟数据失败: 时间戳不能是未来时间: 2026-03-20 14:27:54.538240
2026-03-20 08:29:54,597 - ingestion - ERROR - 解析模拟数据失败: 时间戳不能是未来时间: 2026-03-20 14:28:54.538240
2026-03-20 08:29:54,597 - ingestion - ERROR - 解析模拟数据失败: 时间戳不能是未来时间: 2026-03-20 14:29:54.538240
2026-03-20 08:29:54,597 - ingestion - ERROR - 解析模拟数据失败: 时间戳不能是未来时间: 2026-03-20 14:30:54.538240
2026-03-20 08:29:54,597 - ingestion - ERROR - 解析模拟数据失败: 时间戳不能是未来时间: 2026-03-20 14:31:54.538240
2026-03-20 08:29:54,597 - ingestion - ERROR - 解析模拟数据失败: 时间戳不能是未来时间: 2026-03-20 14:32:54.538240
2026-03-20 08:29:54,597 - ingestion - ERROR - 解析模拟数据失败: 时间戳不能是未来时间: 2026-03-20 14:33:54.538240
2026-03-20 08:29:54,597 - ingestion - ERROR - 解析模拟数据失败: 时间戳不能是未来时间: 2026-03-20 14:34:54.538240
2026-03-20 08:29:54,597 - ingestion - ERROR - 解析模拟数据失败: 时间戳不能是未来时间: 2026-03-20 14:35:54.538240
2026-03-20 08:29:54,598 - ingestion - ERROR - 解析模拟数据失败: 时间戳不能是未来时间: 2026-03-20 14:36:54.538240
2026-03-20 08:29:54,598 - ingestion - ERROR - 解析模拟数据失败: 时间戳不能是未来时间: 2026-03-20 14:37:54.538240
2026-03-20 08:29:54,598 - ingestion - ERROR - 解析模拟数据失败: 时间戳不能是未来时间: 2026-03-20 14:38:54.538240
2026-03-20 08:29:54,598 - ingestion - ERROR - 解析模拟数据失败: 时间戳不能是未来时间: 2026-03-20 14:39:54.538240
2026-03-20 08:29:54,598 - ingestion - ERROR - 解析模拟数据失败: 时间戳不能是未来时间: 2026-03-20 14:40:54.538240
2026-03-20 08:29:54,598 - ingestion - ERROR - 解析模拟数据失败: 时间戳不能是未来时间: 2026-03-20 14:41:54.538240
2026-03-20 08:29:54,598 - ingestion - ERROR - 解析模拟数据失败: 时间戳不能是未来时间: 2026-03-20 14:42:54.538240
2026-03-20 08:29:54,598 - ingestion - ERROR - 解析模拟数据失败: 时间戳不能是未来时间: 2026-03-20 14:43:54.538240
2026-03-20 08:29:54,598 - ingestion - ERROR - 解析模拟数据失败: 时间戳不能是未来时间: 2026-03-20 14:44:54.538240
2026-03-20 08:29:54,598 - ingestion - ERROR - 解析模拟数据失败: 时间戳不能是未来时间: 2026-03-20 14:45:54.538240
2026-03-20 08:29:54,598 - ingestion - ERROR - 解析模拟数据失败: 时间戳不能是未来时间: 2026-03-20 14:46:54.538240
2026-03-20 08:29:54,598 - ingestion - ERROR - 解析模拟数据失败: 时间戳不能是未来时间: 2026-03-20 14:47:54.538240
2026-03-20 08:29:54,598 - ingestion - ERROR - 解析模拟数据失败: 时间戳不能是未来时间: 2026-03-20 14:48:54.538240
2026-03-20 08:29:54,600 - ingestion - ERROR - 解析模拟数据失败: 时间戳不能是未来时间: 2026-03-20 14:49:54.538240
2026-03-20 08:29:54,600 - ingestion - ERROR - 解析模拟数据失败: 时间戳不能是未来时间: 2026-03-20 14:50:54.538240
2026-03-20 08:29:54,600 - ingestion - ERROR - 解析模拟数据失败: 时间戳不能是未来时间: 2026-03-20 14:51:54.538240
2026-03-20 08:29:54,600 - ingestion - ERROR - 解析模拟数据失败: 时间戳不能是未来时间: 2026-03-20 14:52:54.538240
2026-03-20 08:29:54,600 - ingestion - ERROR - 解析模拟数据失败: 时间戳不能是未来时间: 2026-03-20 14:53:54.538240
2026-03-20 08:29:54,600 - ingestion - ERROR - 解析模拟数据失败: 时间戳不能是未来时间: 2026-03-20 14:54:54.538240
2026-03-20 08:29:54,600 - ingestion - ERROR - 解析模拟数据失败: 时间戳不能是未来时间: 2026-03-20 14:55:54.538240
2026-03-20 08:29:54,600 - ingestion - ERROR - 解析模拟数据失败: 时间戳不能是未来时间: 2026-03-20 14:56:54.538240
2026-03-20 08:29:54,600 - ingestion - ERROR - 解析模拟数据失败: 时间戳不能是未来时间: 2026-03-20 14:57:54.538240
2026-03-20 08:29:54,600 - ingestion - ERROR - 解析模拟数据失败: 时间戳不能是未来时间: 2026-03-20 14:58:54.538240
2026-03-20 08:29:54,600 - ingestion - ERROR - 解析模拟数据失败: 时间戳不能是未来时间: 2026-03-20 14:59:54.538240
2026-03-20 08:29:54,600 - ingestion - ERROR - 解析模拟数据失败: 时间戳不能是未来时间: 2026-03-20 15:00:54.538240
2026-03-20 08:29:54,601 - ingestion - ERROR - 解析模拟数据失败: 时间戳不能是未来时间: 2026-03-20 15:01:54.538240
2026-03-20 08:29:54,601 - ingestion - ERROR - 解析模拟数据失败: 时间戳不能是未来时间: 2026-03-20 15:02:54.538240
2026-03-20 08:29:54,601 - ingestion - ERROR - 解析模拟数据失败: 时间戳不能是未来时间: 2026-03-20 15:03:54.538240
2026-03-20 08:29:54,601 - ingestion - ERROR - 解析模拟数据失败: 时间戳不能是未来时间: 2026-03-20 15:04:54.538240
2026-03-20 08:29:54,601 - ingestion - ERROR - 解析模拟数据失败: 时间戳不能是未来时间: 2026-03-20 15:05:54.538240
2026-03-20 08:29:54,601 - ingestion - ERROR - 解析模拟数据失败: 时间戳不能是未来时间: 2026-03-20 15:06:54.538240
2026-03-20 08:29:54,601 - ingestion - ERROR - 解析模拟数据失败: 时间戳不能是未来时间: 2026-03-20 15:07:54.538240
2026-03-20 08:29:54,601 - ingestion - ERROR - 解析模拟数据失败: 时间戳不能是未来时间: 2026-03-20 15:08:54.538240
2026-03-20 08:29:54,601 - ingestion - ERROR - 解析模拟数据失败: 时间戳不能是未来时间: 2026-03-20 15:09:54.538240
2026-03-20 08:29:54,601 - ingestion - ERROR - 解析模拟数据失败: 时间戳不能是未来时间: 2026-03-20 15:10:54.538240
2026-03-20 08:29:54,601 - ingestion - ERROR - 解析模拟数据失败: 时间戳不能是未来时间: 2026-03-20 15:11:54.538240
2026-03-20 08:29:54,603 - ingestion - ERROR - 解析模拟数据失败: 时间戳不能是未来时间: 2026-03-20 15:12:54.538240
2026-03-20 08:29:54,603 - ingestion - ERROR - 解析模拟数据失败: 时间戳不能是未来时间: 2026-03-20 15:13:54.538240
2026-03-20 08:29:54,603 - ingestion - ERROR - 解析模拟数据失败: 时间戳不能是未来时间: 2026-03-20 15:14:54.538240
2026-03-20 08:29:54,603 - ingestion - ERROR - 解析模拟数据失败: 时间戳不能是未来时间: 2026-03-20 15:15:54.538240
2026-03-20 08:29:54,603 - ingestion - ERROR - 解析模拟数据失败: 时间戳不能是未来时间: 2026-03-20 15:16:54.538240
2026-03-20 08:29:54,604 - ingestion - ERROR - 解析模拟数据失败: 时间戳不能是未来时间: 2026-03-20 15:17:54.538240
2026-03-20 08:29:54,604 - ingestion - ERROR - 解析模拟数据失败: 时间戳不能是未来时间: 2026-03-20 15:18:54.538240
2026-03-20 08:29:54,604 - ingestion - ERROR - 解析模拟数据失败: 时间戳不能是未来时间: 2026-03-20 15:19:54.538240
2026-03-20 08:29:54,604 - ingestion - ERROR - 解析模拟数据失败: 时间戳不能是未来时间: 2026-03-20 15:20:54.538240
2026-03-20 08:29:54,604 - ingestion - ERROR - 解析模拟数据失败: 时间戳不能是未来时间: 2026-03-20 15:21:54.538240
2026-03-20 08:29:54,604 - ingestion - ERROR - 解析模拟数据失败: 时间戳不能是未来时间: 2026-03-20 15:22:54.538240
2026-03-20 08:29:54,604 - ingestion - ERROR - 解析模拟数据失败: 时间戳不能是未来时间: 2026-03-20 15:23:54.538240
2026-03-20 08:29:54,604 - ingestion - ERROR - 解析模拟数据失败: 时间戳不能是未来时间: 2026-03-20 15:24:54.538240
2026-03-20 08:29:54,604 - ingestion - ERROR - 解析模拟数据失败: 时间戳不能是未来时间: 2026-03-20 15:25:54.538240
2026-03-20 08:29:54,604 - ingestion - ERROR - 解析模拟数据失败: 时间戳不能是未来时间: 2026-03-20 15:26:54.538240
2026-03-20 08:29:54,604 - ingestion - ERROR - 解析模拟数据失败: 时间戳不能是未来时间: 2026-03-20 15:27:54.538240
2026-03-20 08:29:54,604 - ingestion - ERROR - 解析模拟数据失败: 时间戳不能是未来时间: 2026-03-20 15:28:54.538240
2026-03-20 08:29:54,604 - ingestion - ERROR - 解析模拟数据失败: 时间戳不能是未来时间: 2026-03-20 15:29:54.538240
2026-03-20 08:29:54,604 - ingestion - ERROR - 解析模拟数据失败: 时间戳不能是未来时间: 2026-03-20 15:30:54.538240
2026-03-20 08:29:54,604 - ingestion - ERROR - 解析模拟数据失败: 时间戳不能是未来时间: 2026-03-20 15:31:54.538240
2026-03-20 08:29:54,606 - ingestion - ERROR - 解析模拟数据失败: 时间戳不能是未来时间: 2026-03-20 15:32:54.538240
2026-03-20 08:29:54,606 - ingestion - ERROR - 解析模拟数据失败: 时间戳不能是未来时间: 2026-03-20 15:33:54.538240
2026-03-20 08:29:54,606 - ingestion - ERROR - 解析模拟数据失败: 时间戳不能是未来时间: 2026-03-20 15:34:54.538240
2026-03-20 08:29:54,606 - ingestion - ERROR - 解析模拟数据失败: 时间戳不能是未来时间: 2026-03-20 15:35:54.538240
2026-03-20 08:29:54,606 - ingestion - ERROR - 解析模拟数据失败: 时间戳不能是未来时间: 2026-03-20 15:36:54.538240
2026-03-20 08:29:54,606 - ingestion - ERROR - 解析模拟数据失败: 时间戳不能是未来时间: 2026-03-20 15:37:54.538240
2026-03-20 08:29:54,606 - ingestion - ERROR - 解析模拟数据失败: 时间戳不能是未来时间: 2026-03-20 15:38:54.538240
2026-03-20 08:29:54,606 - ingestion - ERROR - 解析模拟数据失败: 时间戳不能是未来时间: 2026-03-20 15:39:54.538240
2026-03-20 08:29:54,606 - ingestion - ERROR - 解析模拟数据失败: 时间戳不能是未来时间: 2026-03-20 15:40:54.538240
2026-03-20 08:29:54,606 - ingestion - ERROR - 解析模拟数据失败: 时间戳不能是未来时间: 2026-03-20 15:41:54.538240
2026-03-20 08:29:54,606 - ingestion - ERROR - 解析模拟数据失败: 时间戳不能是未来时间: 2026-03-20 15:42:54.538240
2026-03-20 08:29:54,607 - ingestion - ERROR - 解析模拟数据失败: 时间戳不能是未来时间: 2026-03-20 15:43:54.538240
2026-03-20 08:29:54,607 - ingestion - ERROR - 解析模拟数据失败: 时间戳不能是未来时间: 2026-03-20 15:44:54.538240
2026-03-20 08:29:54,607 - ingestion - ERROR - 解析模拟数据失败: 时间戳不能是未来时间: 2026-03-20 15:45:54.538240
2026-03-20 08:29:54,607 - ingestion - ERROR - 解析模拟数据失败: 时间戳不能是未来时间: 2026-03-20 15:46:54.538240
2026-03-20 08:29:54,607 - ingestion - ERROR - 解析模拟数据失败: 时间戳不能是未来时间: 2026-03-20 15:47:54.538240
2026-03-20 08:29:54,607 - ingestion - ERROR - 解析模拟数据失败: 时间戳不能是未来时间: 2026-03-20 15:48:54.538240
2026-03-20 08:29:54,607 - ingestion - ERROR - 解析模拟数据失败: 时间戳不能是未来时间: 2026-03-20 15:49:54.538240
2026-03-20 08:29:54,607 - ingestion - ERROR - 解析模拟数据失败: 时间戳不能是未来时间: 2026-03-20 15:50:54.538240
2026-03-20 08:29:54,607 - ingestion - ERROR - 解析模拟数据失败: 时间戳不能是未来时间: 2026-03-20 15:51:54.538240
2026-03-20 08:29:54,607 - ingestion - ERROR - 解析模拟数据失败: 时间戳不能是未来时间: 2026-03-20 15:52:54.538240
2026-03-20 08:29:54,607 - ingestion - ERROR - 解析模拟数据失败: 时间戳不能是未来时间: 2026-03-20 15:53:54.538240
2026-03-20 08:29:54,607 - ingestion - ERROR - 解析模拟数据失败: 时间戳不能是未来时间: 2026-03-20 15:54:54.538240
2026-03-20 08:29:54,607 - ingestion - ERROR - 解析模拟数据失败: 时间戳不能是未来时间: 2026-03-20 15:55:54.538240
2026-03-20 08:29:54,609 - ingestion - ERROR - 解析模拟数据失败: 时间戳不能是未来时间: 2026-03-20 15:56:54.538240
2026-03-20 08:29:54,609 - ingestion - ERROR - 解析模拟数据失败: 时间戳不能是未来时间: 2026-03-20 15:57:54.538240
2026-03-20 08:29:54,609 - ingestion - ERROR - 解析模拟数据失败: 时间戳不能是未来时间: 2026-03-20 15:58:54.538240
2026-03-20 08:29:54,609 - ingestion - ERROR - 解析模拟数据失败: 时间戳不能是未来时间: 2026-03-20 15:59:54.538240
2026-03-20 08:29:54,609 - ingestion - ERROR - 解析模拟数据失败: 时间戳不能是未来时间: 2026-03-20 16:00:54.538240
2026-03-20 08:29:54,609 - ingestion - ERROR - 解析模拟数据失败: 时间戳不能是未来时间: 2026-03-20 16:01:54.538240
2026-03-20 08:29:54,609 - ingestion - ERROR - 解析模拟数据失败: 时间戳不能是未来时间: 2026-03-20 16:02:54.538240
2026-03-20 08:29:54,609 - ingestion - ERROR - 解析模拟数据失败: 时间戳不能是未来时间: 2026-03-20 16:03:54.538240
2026-03-20 08:29:54,609 - ingestion - ERROR - 解析模拟数据失败: 时间戳不能是未来时间: 2026-03-20 16:04:54.538240
2026-03-20 08:29:54,610 - ingestion - ERROR - 解析模拟数据失败: 时间戳不能是未来时间: 2026-03-20 16:05:54.538240
2026-03-20 08:29:54,610 - ingestion - ERROR - 解析模拟数据失败: 时间戳不能是未来时间: 2026-03-20 16:06:54.538240
2026-03-20 08:29:54,610 - ingestion - ERROR - 解析模拟数据失败: 时间戳不能是未来时间: 2026-03-20 16:07:54.538240
2026-03-20 08:29:54,610 - ingestion - ERROR - 解析模拟数据失败: 时间戳不能是未来时间: 2026-03-20 16:08:54.538240
2026-03-20 08:29:54,610 - ingestion - ERROR - 解析模拟数据失败: 时间戳不能是未来时间: 2026-03-20 16:09:54.538240
2026-03-20 08:29:54,610 - ingestion - ERROR - 解析模拟数据失败: 时间戳不能是未来时间: 2026-03-20 16:10:54.538240
2026-03-20 08:29:54,610 - ingestion - ERROR - 解析模拟数据失败: 时间戳不能是未来时间: 2026-03-20 16:11:54.538240
2026-03-20 08:29:54,610 - ingestion - ERROR - 解析模拟数据失败: 时间戳不能是未来时间: 2026-03-20 16:12:54.538240
2026-03-20 08:29:54,610 - ingestion - ERROR - 解析模拟数据失败: 时间戳不能是未来时间: 2026-03-20 16:13:54.538240
2026-03-20 08:29:54,610 - ingestion - ERROR - 解析模拟数据失败: 时间戳不能是未来时间: 2026-03-20 16:14:54.538240
2026-03-20 08:29:54,610 - ingestion - ERROR - 解析模拟数据失败: 时间戳不能是未来时间: 2026-03-20 16:15:54.538240
2026-03-20 08:29:54,611 - ingestion - ERROR - 解析模拟数据失败: 时间戳不能是未来时间: 2026-03-20 16:16:54.538240
2026-03-20 08:29:54,611 - ingestion - ERROR - 解析模拟数据失败: 时间戳不能是未来时间: 2026-03-20 16:17:54.538240
2026-03-20 08:29:54,612 - ingestion - ERROR - 解析模拟数据失败: 时间戳不能是未来时间: 2026-03-20 16:18:54.538240
2026-03-20 08:29:54,612 - ingestion - ERROR - 解析模拟数据失败: 时间戳不能是未来时间: 2026-03-20 16:19:54.538240
2026-03-20 08:29:54,612 - ingestion - ERROR - 解析模拟数据失败: 时间戳不能是未来时间: 2026-03-20 16:20:54.538240
2026-03-20 08:29:54,612 - ingestion - ERROR - 解析模拟数据失败: 时间戳不能是未来时间: 2026-03-20 16:21:54.538240
2026-03-20 08:29:54,612 - ingestion - ERROR - 解析模拟数据失败: 时间戳不能是未来时间: 2026-03-20 16:22:54.538240
2026-03-20 08:29:54,612 - ingestion - ERROR - 解析模拟数据失败: 时间戳不能是未来时间: 2026-03-20 16:23:54.538240
2026-03-20 08:29:54,612 - ingestion - ERROR - 解析模拟数据失败: 时间戳不能是未来时间: 2026-03-20 16:24:54.538240
2026-03-20 08:29:54,613 - ingestion - ERROR - 解析模拟数据失败: 时间戳不能是未来时间: 2026-03-20 16:25:54.538240
2026-03-20 08:29:54,613 - ingestion - ERROR - 解析模拟数据失败: 时间戳不能是未来时间: 2026-03-20 16:26:54.538240
2026-03-20 08:29:54,613 - ingestion - ERROR - 解析模拟数据失败: 时间戳不能是未来时间: 2026-03-20 16:27:54.538240
2026-03-20 08:29:54,613 - ingestion - ERROR - 解析模拟数据失败: 时间戳不能是未来时间: 2026-03-20 16:28:54.538240
2026-03-20 08:29:54,613 - ingestion - ERROR - 解析模拟数据失败: 时间戳不能是未来时间: 2026-03-20 16:29:54.538240
2026-03-20 08:29:54,613 - ingestion - ERROR - 解析模拟数据失败: 时间戳不能是未来时间: 2026-03-20 16:30:54.538240
2026-03-20 08:29:54,613 - ingestion - ERROR - 解析模拟数据失败: 时间戳不能是未来时间: 2026-03-20 16:31:54.538240
2026-03-20 08:29:54,613 - ingestion - ERROR - 解析模拟数据失败: 时间戳不能是未来时间: 2026-03-20 16:32:54.538240
2026-03-20 08:29:54,613 - ingestion - ERROR - 解析模拟数据失败: 时间戳不能是未来时间: 2026-03-20 16:33:54.538240
2026-03-20 08:29:54,615 - ingestion - ERROR - 解析模拟数据失败: 时间戳不能是未来时间: 2026-03-20 16:34:54.538240
2026-03-20 08:29:54,615 - ingestion - ERROR - 解析模拟数据失败: 时间戳不能是未来时间: 2026-03-20 16:35:54.538240
2026-03-20 08:29:54,615 - ingestion - ERROR - 解析模拟数据失败: 时间戳不能是未来时间: 2026-03-20 16:36:54.538240
2026-03-20 08:29:54,615 - ingestion - ERROR - 解析模拟数据失败: 时间戳不能是未来时间: 2026-03-20 16:37:54.538240
2026-03-20 08:29:54,615 - ingestion - ERROR - 解析模拟数据失败: 时间戳不能是未来时间: 2026-03-20 16:38:54.538240
2026-03-20 08:29:54,615 - ingestion - ERROR - 解析模拟数据失败: 时间戳不能是未来时间: 2026-03-20 16:39:54.538240
2026-03-20 08:29:54,615 - ingestion - ERROR - 解析模拟数据失败: 时间戳不能是未来时间: 2026-03-20 16:40:54.538240
2026-03-20 08:29:54,615 - ingestion - ERROR - 解析模拟数据失败: 时间戳不能是未来时间: 2026-03-20 16:41:54.538240
2026-03-20 08:29:54,615 - ingestion - ERROR - 解析模拟数据失败: 时间戳不能是未来时间: 2026-03-20 16:42:54.538240
2026-03-20 08:29:54,615 - ingestion - ERROR - 解析模拟数据失败: 时间戳不能是未来时间: 2026-03-20 16:43:54.538240
2026-03-20 08:29:54,615 - ingestion - ERROR - 解析模拟数据失败: 时间戳不能是未来时间: 2026-03-20 16:44:54.538240
2026-03-20 08:29:54,615 - ingestion - ERROR - 解析模拟数据失败: 时间戳不能是未来时间: 2026-03-20 16:45:54.538240
2026-03-20 08:29:54,617 - ingestion - ERROR - 解析模拟数据失败: 时间戳不能是未来时间: 2026-03-20 16:46:54.538240
2026-03-20 08:29:54,617 - ingestion - ERROR - 解析模拟数据失败: 时间戳不能是未来时间: 2026-03-20 16:47:54.538240
2026-03-20 08:29:54,617 - ingestion - ERROR - 解析模拟数据失败: 时间戳不能是未来时间: 2026-03-20 16:48:54.538240
2026-03-20 08:29:54,617 - ingestion - ERROR - 解析模拟数据失败: 时间戳不能是未来时间: 2026-03-20 16:49:54.538240
2026-03-20 08:29:54,617 - ingestion - ERROR - 解析模拟数据失败: 时间戳不能是未来时间: 2026-03-20 16:50:54.538240
2026-03-20 08:29:54,617 - ingestion - ERROR - 解析模拟数据失败: 时间戳不能是未来时间: 2026-03-20 16:51:54.538240
2026-03-20 08:29:54,617 - ingestion - ERROR - 解析模拟数据失败: 时间戳不能是未来时间: 2026-03-20 16:52:54.538240
2026-03-20 08:29:54,617 - ingestion - ERROR - 解析模拟数据失败: 时间戳不能是未来时间: 2026-03-20 16:53:54.538240
2026-03-20 08:29:54,617 - ingestion - ERROR - 解析模拟数据失败: 时间戳不能是未来时间: 2026-03-20 16:54:54.538240
2026-03-20 08:29:54,617 - ingestion - ERROR - 解析模拟数据失败: 时间戳不能是未来时间: 2026-03-20 16:55:54.538240
2026-03-20 08:29:54,617 - ingestion - ERROR - 解析模拟数据失败: 时间戳不能是未来时间: 2026-03-20 16:56:54.538240
2026-03-20 08:29:54,618 - ingestion - ERROR - 解析模拟数据失败: 时间戳不能是未来时间: 2026-03-20 16:57:54.538240
2026-03-20 08:29:54,618 - ingestion - ERROR - 解析模拟数据失败: 时间戳不能是未来时间: 2026-03-20 16:58:54.538240
2026-03-20 08:29:54,618 - ingestion - ERROR - 解析模拟数据失败: 时间戳不能是未来时间: 2026-03-20 16:59:54.538240
2026-03-20 08:29:54,618 - ingestion - ERROR - 解析模拟数据失败: 时间戳不能是未来时间: 2026-03-20 17:00:54.538240
2026-03-20 08:29:54,618 - ingestion - ERROR - 解析模拟数据失败: 时间戳不能是未来时间: 2026-03-20 17:01:54.538240
2026-03-20 08:29:54,618 - ingestion - ERROR - 解析模拟数据失败: 时间戳不能是未来时间: 2026-03-20 17:02:54.538240
2026-03-20 08:29:54,618 - ingestion - ERROR - 解析模拟数据失败: 时间戳不能是未来时间: 2026-03-20 17:03:54.538240
2026-03-20 08:29:54,618 - ingestion - ERROR - 解析模拟数据失败: 时间戳不能是未来时间: 2026-03-20 17:04:54.538240
2026-03-20 08:29:54,618 - ingestion - ERROR - 解析模拟数据失败: 时间戳不能是未来时间: 2026-03-20 17:05:54.538240
2026-03-20 08:29:54,618 - ingestion - ERROR - 解析模拟数据失败: 时间戳不能是未来时间: 2026-03-20 17:06:54.538240
2026-03-20 08:29:54,618 - ingestion - ERROR - 解析模拟数据失败: 时间戳不能是未来时间: 2026-03-20 17:07:54.538240
2026-03-20 08:29:54,620 - ingestion - ERROR - 解析模拟数据失败: 时间戳不能是未来时间: 2026-03-20 17:08:54.538240
2026-03-20 08:29:54,620 - ingestion - ERROR - 解析模拟数据失败: 时间戳不能是未来时间: 2026-03-20 17:09:54.538240
2026-03-20 08:29:54,620 - ingestion - ERROR - 解析模拟数据失败: 时间戳不能是未来时间: 2026-03-20 17:10:54.538240
2026-03-20 08:29:54,620 - ingestion - ERROR - 解析模拟数据失败: 时间戳不能是未来时间: 2026-03-20 17:11:54.538240
2026-03-20 08:29:54,620 - ingestion - ERROR - 解析模拟数据失败: 时间戳不能是未来时间: 2026-03-20 17:12:54.538240
2026-03-20 08:29:54,620 - ingestion - ERROR - 解析模拟数据失败: 时间戳不能是未来时间: 2026-03-20 17:13:54.538240
2026-03-20 08:29:54,620 - ingestion - ERROR - 解析模拟数据失败: 时间戳不能是未来时间: 2026-03-20 17:14:54.538240
2026-03-20 08:29:54,620 - ingestion - ERROR - 解析模拟数据失败: 时间戳不能是未来时间: 2026-03-20 17:15:54.538240
2026-03-20 08:29:54,620 - ingestion - ERROR - 解析模拟数据失败: 时间戳不能是未来时间: 2026-03-20 17:16:54.538240
2026-03-20 08:29:54,621 - ingestion - ERROR - 解析模拟数据失败: 时间戳不能是未来时间: 2026-03-20 17:17:54.538240
2026-03-20 08:29:54,621 - ingestion - ERROR - 解析模拟数据失败: 时间戳不能是未来时间: 2026-03-20 17:18:54.538240
2026-03-20 08:29:54,621 - ingestion - ERROR - 解析模拟数据失败: 时间戳不能是未来时间: 2026-03-20 17:19:54.538240
2026-03-20 08:29:54,621 - ingestion - ERROR - 解析模拟数据失败: 时间戳不能是未来时间: 2026-03-20 17:20:54.538240
2026-03-20 08:29:54,621 - ingestion - ERROR - 解析模拟数据失败: 时间戳不能是未来时间: 2026-03-20 17:21:54.538240
2026-03-20 08:29:54,621 - ingestion - ERROR - 解析模拟数据失败: 时间戳不能是未来时间: 2026-03-20 17:22:54.538240
2026-03-20 08:29:54,621 - ingestion - ERROR - 解析模拟数据失败: 时间戳不能是未来时间: 2026-03-20 17:23:54.538240
2026-03-20 08:29:54,621 - ingestion - ERROR - 解析模拟数据失败: 时间戳不能是未来时间: 2026-03-20 17:24:54.538240
2026-03-20 08:29:54,621 - ingestion - ERROR - 解析模拟数据失败: 时间戳不能是未来时间: 2026-03-20 17:25:54.538240
2026-03-20 08:29:54,621 - ingestion - ERROR - 解析模拟数据失败: 时间戳不能是未来时间: 2026-03-20 17:26:54.538240
2026-03-20 08:29:54,623 - ingestion - ERROR - 解析模拟数据失败: 时间戳不能是未来时间: 2026-03-20 17:27:54.538240
2026-03-20 08:29:54,623 - ingestion - ERROR - 解析模拟数据失败: 时间戳不能是未来时间: 2026-03-20 17:28:54.538240
2026-03-20 08:29:54,623 - ingestion - ERROR - 解析模拟数据失败: 时间戳不能是未来时间: 2026-03-20 17:29:54.538240
2026-03-20 08:29:54,623 - ingestion - ERROR - 解析模拟数据失败: 时间戳不能是未来时间: 2026-03-20 17:30:54.538240
2026-03-20 08:29:54,623 - ingestion - ERROR - 解析模拟数据失败: 时间戳不能是未来时间: 2026-03-20 17:31:54.538240
2026-03-20 08:29:54,623 - ingestion - ERROR - 解析模拟数据失败: 时间戳不能是未来时间: 2026-03-20 17:32:54.538240
2026-03-20 08:29:54,623 - ingestion - ERROR - 解析模拟数据失败: 时间戳不能是未来时间: 2026-03-20 17:33:54.538240
2026-03-20 08:29:54,624 - ingestion - ERROR - 解析模拟数据失败: 时间戳不能是未来时间: 2026-03-20 17:34:54.538240
2026-03-20 08:29:54,624 - ingestion - ERROR - 解析模拟数据失败: 时间戳不能是未来时间: 2026-03-20 17:35:54.538240
2026-03-20 08:29:54,624 - ingestion - ERROR - 解析模拟数据失败: 时间戳不能是未来时间: 2026-03-20 17:36:54.538240
2026-03-20 08:29:54,624 - ingestion - ERROR - 解析模拟数据失败: 时间戳不能是未来时间: 2026-03-20 17:37:54.538240
2026-03-20 08:29:54,624 - ingestion - ERROR - 解析模拟数据失败: 时间戳不能是未来时间: 2026-03-20 17:38:54.538240
2026-03-20 08:29:54,624 - ingestion - ERROR - 解析模拟数据失败: 时间戳不能是未来时间: 2026-03-20 17:39:54.538240
2026-03-20 08:29:54,624 - ingestion - ERROR - 解析模拟数据失败: 时间戳不能是未来时间: 2026-03-20 17:40:54.538240
2026-03-20 08:29:54,624 - ingestion - ERROR - 解析模拟数据失败: 时间戳不能是未来时间: 2026-03-20 17:41:54.538240
2026-03-20 08:29:54,624 - ingestion - ERROR - 解析模拟数据失败: 时间戳不能是未来时间: 2026-03-20 17:42:54.538240
2026-03-20 08:29:54,626 - ingestion - ERROR - 解析模拟数据失败: 时间戳不能是未来时间: 2026-03-20 17:43:54.538240
2026-03-20 08:29:54,626 - ingestion - ERROR - 解析模拟数据失败: 时间戳不能是未来时间: 2026-03-20 17:44:54.538240
2026-03-20 08:29:54,626 - ingestion - ERROR - 解析模拟数据失败: 时间戳不能是未来时间: 2026-03-20 17:45:54.538240
2026-03-20 08:29:54,626 - ingestion - ERROR - 解析模拟数据失败: 时间戳不能是未来时间: 2026-03-20 17:46:54.538240
2026-03-20 08:29:54,626 - ingestion - ERROR - 解析模拟数据失败: 时间戳不能是未来时间: 2026-03-20 17:47:54.538240
2026-03-20 08:29:54,626 - ingestion - ERROR - 解析模拟数据失败: 时间戳不能是未来时间: 2026-03-20 17:48:54.538240
2026-03-20 08:29:54,626 - ingestion - ERROR - 解析模拟数据失败: 时间戳不能是未来时间: 2026-03-20 17:49:54.538240
2026-03-20 08:29:54,626 - ingestion - ERROR - 解析模拟数据失败: 时间戳不能是未来时间: 2026-03-20 17:50:54.538240
2026-03-20 08:29:54,626 - ingestion - ERROR - 解析模拟数据失败: 时间戳不能是未来时间: 2026-03-20 17:51:54.538240
2026-03-20 08:29:54,626 - ingestion - ERROR - 解析模拟数据失败: 时间戳不能是未来时间: 2026-03-20 17:52:54.538240
2026-03-20 08:29:54,626 - ingestion - ERROR - 解析模拟数据失败: 时间戳不能是未来时间: 2026-03-20 17:53:54.538240
2026-03-20 08:29:54,626 - ingestion - ERROR - 解析模拟数据失败: 时间戳不能是未来时间: 2026-03-20 17:54:54.538240
2026-03-20 08:29:54,626 - ingestion - ERROR - 解析模拟数据失败: 时间戳不能是未来时间: 2026-03-20 17:55:54.538240
2026-03-20 08:29:54,627 - ingestion - ERROR - 解析模拟数据失败: 时间戳不能是未来时间: 2026-03-20 17:56:54.538240
2026-03-20 08:29:54,627 - ingestion - ERROR - 解析模拟数据失败: 时间戳不能是未来时间: 2026-03-20 17:57:54.538240
2026-03-20 08:29:54,627 - ingestion - ERROR - 解析模拟数据失败: 时间戳不能是未来时间: 2026-03-20 17:58:54.538240
2026-03-20 08:29:54,627 - ingestion - ERROR - 解析模拟数据失败: 时间戳不能是未来时间: 2026-03-20 17:59:54.538240
2026-03-20 08:29:54,627 - ingestion - ERROR - 解析模拟数据失败: 时间戳不能是未来时间: 2026-03-20 18:00:54.538240
2026-03-20 08:29:54,627 - ingestion - ERROR - 解析模拟数据失败: 时间戳不能是未来时间: 2026-03-20 18:01:54.538240
2026-03-20 08:29:54,627 - ingestion - ERROR - 解析模拟数据失败: 时间戳不能是未来时间: 2026-03-20 18:02:54.538240
2026-03-20 08:29:54,627 - ingestion - ERROR - 解析模拟数据失败: 时间戳不能是未来时间: 2026-03-20 18:03:54.538240
2026-03-20 08:29:54,627 - ingestion - ERROR - 解析模拟数据失败: 时间戳不能是未来时间: 2026-03-20 18:04:54.538240
2026-03-20 08:29:54,627 - ingestion - ERROR - 解析模拟数据失败: 时间戳不能是未来时间: 2026-03-20 18:05:54.538240
2026-03-20 08:29:54,627 - ingestion - ERROR - 解析模拟数据失败: 时间戳不能是未来时间: 2026-03-20 18:06:54.538240
2026-03-20 08:29:54,627 - ingestion - ERROR - 解析模拟数据失败: 时间戳不能是未来时间: 2026-03-20 18:07:54.538240
2026-03-20 08:29:54,629 - ingestion - ERROR - 解析模拟数据失败: 时间戳不能是未来时间: 2026-03-20 18:08:54.538240
2026-03-20 08:29:54,629 - ingestion - ERROR - 解析模拟数据失败: 时间戳不能是未来时间: 2026-03-20 18:09:54.538240
2026-03-20 08:29:54,629 - ingestion - ERROR - 解析模拟数据失败: 时间戳不能是未来时间: 2026-03-20 18:10:54.538240
2026-03-20 08:29:54,629 - ingestion - ERROR - 解析模拟数据失败: 时间戳不能是未来时间: 2026-03-20 18:11:54.538240
2026-03-20 08:29:54,629 - ingestion - ERROR - 解析模拟数据失败: 时间戳不能是未来时间: 2026-03-20 18:12:54.538240
2026-03-20 08:29:54,629 - ingestion - ERROR - 解析模拟数据失败: 时间戳不能是未来时间: 2026-03-20 18:13:54.538240
2026-03-20 08:29:54,629 - ingestion - ERROR - 解析模拟数据失败: 时间戳不能是未来时间: 2026-03-20 18:14:54.538240
2026-03-20 08:29:54,629 - ingestion - ERROR - 解析模拟数据失败: 时间戳不能是未来时间: 2026-03-20 18:15:54.538240
2026-03-20 08:29:54,629 - ingestion - ERROR - 解析模拟数据失败: 时间戳不能是未来时间: 2026-03-20 18:16:54.538240
2026-03-20 08:29:54,629 - ingestion - ERROR - 解析模拟数据失败: 时间戳不能是未来时间: 2026-03-20 18:17:54.538240
2026-03-20 08:29:54,631 - ingestion - ERROR - 解析模拟数据失败: 时间戳不能是未来时间: 2026-03-20 18:18:54.538240
2026-03-20 08:29:54,631 - ingestion - ERROR - 解析模拟数据失败: 时间戳不能是未来时间: 2026-03-20 18:19:54.538240
2026-03-20 08:29:54,631 - ingestion - ERROR - 解析模拟数据失败: 时间戳不能是未来时间: 2026-03-20 18:20:54.538240
2026-03-20 08:29:54,631 - ingestion - ERROR - 解析模拟数据失败: 时间戳不能是未来时间: 2026-03-20 18:21:54.538240
2026-03-20 08:29:54,631 - ingestion - ERROR - 解析模拟数据失败: 时间戳不能是未来时间: 2026-03-20 18:22:54.538240
2026-03-20 08:29:54,631 - ingestion - ERROR - 解析模拟数据失败: 时间戳不能是未来时间: 2026-03-20 18:23:54.538240
2026-03-20 08:29:54,631 - ingestion - ERROR - 解析模拟数据失败: 时间戳不能是未来时间: 2026-03-20 18:24:54.538240
2026-03-20 08:29:54,631 - ingestion - ERROR - 解析模拟数据失败: 时间戳不能是未来时间: 2026-03-20 18:25:54.538240
2026-03-20 08:29:54,631 - ingestion - ERROR - 解析模拟数据失败: 时间戳不能是未来时间: 2026-03-20 18:26:54.538240
2026-03-20 08:29:54,631 - ingestion - ERROR - 解析模拟数据失败: 时间戳不能是未来时间: 2026-03-20 18:27:54.538240
2026-03-20 08:29:54,631 - ingestion - ERROR - 解析模拟数据失败: 时间戳不能是未来时间: 2026-03-20 18:28:54.538240
2026-03-20 08:29:54,631 - ingestion - ERROR - 解析模拟数据失败: 时间戳不能是未来时间: 2026-03-20 18:29:54.538240
2026-03-20 08:29:54,631 - ingestion - ERROR - 解析模拟数据失败: 时间戳不能是未来时间: 2026-03-20 18:30:54.538240
2026-03-20 08:29:54,631 - ingestion - ERROR - 解析模拟数据失败: 时间戳不能是未来时间: 2026-03-20 18:31:54.538240
2026-03-20 08:29:54,632 - ingestion - ERROR - 解析模拟数据失败: 时间戳不能是未来时间: 2026-03-20 18:32:54.538240
2026-03-20 08:29:54,632 - ingestion - ERROR - 解析模拟数据失败: 时间戳不能是未来时间: 2026-03-20 18:33:54.538240
2026-03-20 08:29:54,632 - ingestion - ERROR - 解析模拟数据失败: 时间戳不能是未来时间: 2026-03-20 18:34:54.538240
2026-03-20 08:29:54,632 - ingestion - ERROR - 解析模拟数据失败: 时间戳不能是未来时间: 2026-03-20 18:35:54.538240
2026-03-20 08:29:54,632 - ingestion - ERROR - 解析模拟数据失败: 时间戳不能是未来时间: 2026-03-20 18:36:54.538240
2026-03-20 08:29:54,632 - ingestion - ERROR - 解析模拟数据失败: 时间戳不能是未来时间: 2026-03-20 18:37:54.538240
2026-03-20 08:29:54,632 - ingestion - ERROR - 解析模拟数据失败: 时间戳不能是未来时间: 2026-03-20 18:38:54.538240
2026-03-20 08:29:54,632 - ingestion - ERROR - 解析模拟数据失败: 时间戳不能是未来时间: 2026-03-20 18:39:54.538240
2026-03-20 08:29:54,632 - ingestion - ERROR - 解析模拟数据失败: 时间戳不能是未来时间: 2026-03-20 18:40:54.538240
2026-03-20 08:29:54,632 - ingestion - ERROR - 解析模拟数据失败: 时间戳不能是未来时间: 2026-03-20 18:41:54.538240
2026-03-20 08:29:54,634 - ingestion - ERROR - 解析模拟数据失败: 时间戳不能是未来时间: 2026-03-20 18:42:54.538240
2026-03-20 08:29:54,634 - ingestion - ERROR - 解析模拟数据失败: 时间戳不能是未来时间: 2026-03-20 18:43:54.538240
2026-03-20 08:29:54,634 - ingestion - ERROR - 解析模拟数据失败: 时间戳不能是未来时间: 2026-03-20 18:44:54.538240
2026-03-20 08:29:54,634 - ingestion - ERROR - 解析模拟数据失败: 时间戳不能是未来时间: 2026-03-20 18:45:54.538240
2026-03-20 08:29:54,634 - ingestion - ERROR - 解析模拟数据失败: 时间戳不能是未来时间: 2026-03-20 18:46:54.538240
2026-03-20 08:29:54,634 - ingestion - ERROR - 解析模拟数据失败: 时间戳不能是未来时间: 2026-03-20 18:47:54.538240
2026-03-20 08:29:54,634 - ingestion - ERROR - 解析模拟数据失败: 时间戳不能是未来时间: 2026-03-20 18:48:54.538240
2026-03-20 08:29:54,634 - ingestion - ERROR - 解析模拟数据失败: 时间戳不能是未来时间: 2026-03-20 18:49:54.538240
2026-03-20 08:29:54,635 - ingestion - ERROR - 解析模拟数据失败: 时间戳不能是未来时间: 2026-03-20 18:50:54.538240
2026-03-20 08:29:54,635 - ingestion - ERROR - 解析模拟数据失败: 时间戳不能是未来时间: 2026-03-20 18:51:54.538240
2026-03-20 08:29:54,635 - ingestion - ERROR - 解析模拟数据失败: 时间戳不能是未来时间: 2026-03-20 18:52:54.538240
2026-03-20 08:29:54,635 - ingestion - ERROR - 解析模拟数据失败: 时间戳不能是未来时间: 2026-03-20 18:53:54.538240
2026-03-20 08:29:54,635 - ingestion - ERROR - 解析模拟数据失败: 时间戳不能是未来时间: 2026-03-20 18:54:54.538240
2026-03-20 08:29:54,635 - ingestion - ERROR - 解析模拟数据失败: 时间戳不能是未来时间: 2026-03-20 18:55:54.538240
2026-03-20 08:29:54,635 - ingestion - ERROR - 解析模拟数据失败: 时间戳不能是未来时间: 2026-03-20 18:56:54.538240
2026-03-20 08:29:54,635 - ingestion - ERROR - 解析模拟数据失败: 时间戳不能是未来时间: 2026-03-20 18:57:54.538240
2026-03-20 08:29:54,635 - ingestion - ERROR - 解析模拟数据失败: 时间戳不能是未来时间: 2026-03-20 18:58:54.538240
2026-03-20 08:29:54,635 - ingestion - ERROR - 解析模拟数据失败: 时间戳不能是未来时间: 2026-03-20 18:59:54.538240
2026-03-20 08:29:54,635 - ingestion - ERROR - 解析模拟数据失败: 时间戳不能是未来时间: 2026-03-20 19:00:54.538240
2026-03-20 08:29:54,635 - ingestion - ERROR - 解析模拟数据失败: 时间戳不能是未来时间: 2026-03-20 19:01:54.538240
2026-03-20 08:29:54,637 - ingestion - ERROR - 解析模拟数据失败: 时间戳不能是未来时间: 2026-03-20 19:02:54.538240
2026-03-20 08:29:54,637 - ingestion - ERROR - 解析模拟数据失败: 时间戳不能是未来时间: 2026-03-20 19:03:54.538240
2026-03-20 08:29:54,637 - ingestion - ERROR - 解析模拟数据失败: 时间戳不能是未来时间: 2026-03-20 19:04:54.538240
2026-03-20 08:29:54,637 - ingestion - ERROR - 解析模拟数据失败: 时间戳不能是未来时间: 2026-03-20 19:05:54.538240
2026-03-20 08:29:54,637 - ingestion - ERROR - 解析模拟数据失败: 时间戳不能是未来时间: 2026-03-20 19:06:54.538240
2026-03-20 08:29:54,637 - ingestion - ERROR - 解析模拟数据失败: 时间戳不能是未来时间: 2026-03-20 19:07:54.538240
2026-03-20 08:29:54,637 - ingestion - ERROR - 解析模拟数据失败: 时间戳不能是未来时间: 2026-03-20 19:08:54.538240
2026-03-20 08:29:54,637 - ingestion - ERROR - 解析模拟数据失败: 时间戳不能是未来时间: 2026-03-20 19:09:54.538240
2026-03-20 08:29:54,637 - ingestion - ERROR - 解析模拟数据失败: 时间戳不能是未来时间: 2026-03-20 19:10:54.538240
2026-03-20 08:29:54,638 - ingestion - ERROR - 解析模拟数据失败: 时间戳不能是未来时间: 2026-03-20 19:11:54.538240
2026-03-20 08:29:54,638 - ingestion - ERROR - 解析模拟数据失败: 时间戳不能是未来时间: 2026-03-20 19:12:54.538240
2026-03-20 08:29:54,638 - ingestion - ERROR - 解析模拟数据失败: 时间戳不能是未来时间: 2026-03-20 19:13:54.538240
2026-03-20 08:29:54,638 - ingestion - ERROR - 解析模拟数据失败: 时间戳不能是未来时间: 2026-03-20 19:14:54.538240
2026-03-20 08:29:54,638 - ingestion - ERROR - 解析模拟数据失败: 时间戳不能是未来时间: 2026-03-20 19:15:54.538240
2026-03-20 08:29:54,638 - ingestion - ERROR - 解析模拟数据失败: 时间戳不能是未来时间: 2026-03-20 19:16:54.538240
2026-03-20 08:29:54,638 - ingestion - ERROR - 解析模拟数据失败: 时间戳不能是未来时间: 2026-03-20 19:17:54.538240
2026-03-20 08:29:54,638 - ingestion - ERROR - 解析模拟数据失败: 时间戳不能是未来时间: 2026-03-20 19:18:54.538240
2026-03-20 08:29:54,638 - ingestion - ERROR - 解析模拟数据失败: 时间戳不能是未来时间: 2026-03-20 19:19:54.538240
2026-03-20 08:29:54,638 - ingestion - ERROR - 解析模拟数据失败: 时间戳不能是未来时间: 2026-03-20 19:20:54.538240
2026-03-20 08:29:54,638 - ingestion - ERROR - 解析模拟数据失败: 时间戳不能是未来时间: 2026-03-20 19:21:54.538240
2026-03-20 08:29:54,640 - ingestion - ERROR - 解析模拟数据失败: 时间戳不能是未来时间: 2026-03-20 19:22:54.538240
2026-03-20 08:29:54,640 - ingestion - ERROR - 解析模拟数据失败: 时间戳不能是未来时间: 2026-03-20 19:23:54.538240
2026-03-20 08:29:54,640 - ingestion - ERROR - 解析模拟数据失败: 时间戳不能是未来时间: 2026-03-20 19:24:54.538240
2026-03-20 08:29:54,640 - ingestion - ERROR - 解析模拟数据失败: 时间戳不能是未来时间: 2026-03-20 19:25:54.538240
2026-03-20 08:29:54,640 - ingestion - ERROR - 解析模拟数据失败: 时间戳不能是未来时间: 2026-03-20 19:26:54.538240
2026-03-20 08:29:54,640 - ingestion - ERROR - 解析模拟数据失败: 时间戳不能是未来时间: 2026-03-20 19:27:54.538240
2026-03-20 08:29:54,640 - ingestion - ERROR - 解析模拟数据失败: 时间戳不能是未来时间: 2026-03-20 19:28:54.538240
2026-03-20 08:29:54,640 - ingestion - ERROR - 解析模拟数据失败: 时间戳不能是未来时间: 2026-03-20 19:29:54.538240
2026-03-20 08:29:54,640 - ingestion - ERROR - 解析模拟数据失败: 时间戳不能是未来时间: 2026-03-20 19:30:54.538240
2026-03-20 08:29:54,640 - ingestion - ERROR - 解析模拟数据失败: 时间戳不能是未来时间: 2026-03-20 19:31:54.538240
2026-03-20 08:29:54,640 - ingestion - ERROR - 解析模拟数据失败: 时间戳不能是未来时间: 2026-03-20 19:32:54.538240
2026-03-20 08:29:54,640 - ingestion - ERROR - 解析模拟数据失败: 时间戳不能是未来时间: 2026-03-20 19:33:54.538240
2026-03-20 08:29:54,640 - ingestion - ERROR - 解析模拟数据失败: 时间戳不能是未来时间: 2026-03-20 19:34:54.538240
2026-03-20 08:29:54,640 - ingestion - ERROR - 解析模拟数据失败: 时间戳不能是未来时间: 2026-03-20 19:35:54.538240
2026-03-20 08:29:54,641 - ingestion - ERROR - 解析模拟数据失败: 时间戳不能是未来时间: 2026-03-20 19:36:54.538240
2026-03-20 08:29:54,641 - ingestion - ERROR - 解析模拟数据失败: 时间戳不能是未来时间: 2026-03-20 19:37:54.538240
2026-03-20 08:29:54,641 - ingestion - ERROR - 解析模拟数据失败: 时间戳不能是未来时间: 2026-03-20 19:38:54.538240
2026-03-20 08:29:54,641 - ingestion - ERROR - 解析模拟数据失败: 时间戳不能是未来时间: 2026-03-20 19:39:54.538240
2026-03-20 08:29:54,641 - ingestion - ERROR - 解析模拟数据失败: 时间戳不能是未来时间: 2026-03-20 19:40:54.538240
2026-03-20 08:29:54,641 - ingestion - ERROR - 解析模拟数据失败: 时间戳不能是未来时间: 2026-03-20 19:41:54.538240
2026-03-20 08:29:54,641 - ingestion - ERROR - 解析模拟数据失败: 时间戳不能是未来时间: 2026-03-20 19:42:54.538240
2026-03-20 08:29:54,641 - ingestion - ERROR - 解析模拟数据失败: 时间戳不能是未来时间: 2026-03-20 19:43:54.538240
2026-03-20 08:29:54,641 - ingestion - ERROR - 解析模拟数据失败: 时间戳不能是未来时间: 2026-03-20 19:44:54.538240
2026-03-20 08:29:54,641 - ingestion - ERROR - 解析模拟数据失败: 时间戳不能是未来时间: 2026-03-20 19:45:54.538240
2026-03-20 08:29:54,641 - ingestion - ERROR - 解析模拟数据失败: 时间戳不能是未来时间: 2026-03-20 19:46:54.538240
2026-03-20 08:29:54,641 - ingestion - ERROR - 解析模拟数据失败: 时间戳不能是未来时间: 2026-03-20 19:47:54.538240
2026-03-20 08:29:54,643 - ingestion - ERROR - 解析模拟数据失败: 时间戳不能是未来时间: 2026-03-20 19:48:54.538240
2026-03-20 08:29:54,643 - ingestion - ERROR - 解析模拟数据失败: 时间戳不能是未来时间: 2026-03-20 19:49:54.538240
2026-03-20 08:29:54,643 - ingestion - ERROR - 解析模拟数据失败: 时间戳不能是未来时间: 2026-03-20 19:50:54.538240
2026-03-20 08:29:54,643 - ingestion - ERROR - 解析模拟数据失败: 时间戳不能是未来时间: 2026-03-20 19:51:54.538240
2026-03-20 08:29:54,643 - ingestion - ERROR - 解析模拟数据失败: 时间戳不能是未来时间: 2026-03-20 19:52:54.538240
2026-03-20 08:29:54,643 - ingestion - ERROR - 解析模拟数据失败: 时间戳不能是未来时间: 2026-03-20 19:53:54.538240
2026-03-20 08:29:54,643 - ingestion - ERROR - 解析模拟数据失败: 时间戳不能是未来时间: 2026-03-20 19:54:54.538240
2026-03-20 08:29:54,643 - ingestion - ERROR - 解析模拟数据失败: 时间戳不能是未来时间: 2026-03-20 19:55:54.538240
2026-03-20 08:29:54,643 - ingestion - ERROR - 解析模拟数据失败: 时间戳不能是未来时间: 2026-03-20 19:56:54.538240
2026-03-20 08:29:54,644 - ingestion - ERROR - 解析模拟数据失败: 时间戳不能是未来时间: 2026-03-20 19:57:54.538240
2026-03-20 08:29:54,644 - ingestion - ERROR - 解析模拟数据失败: 时间戳不能是未来时间: 2026-03-20 19:58:54.538240
2026-03-20 08:29:54,644 - ingestion - ERROR - 解析模拟数据失败: 时间戳不能是未来时间: 2026-03-20 19:59:54.538240
2026-03-20 08:29:54,645 - ingestion - ERROR - 解析模拟数据失败: 时间戳不能是未来时间: 2026-03-20 20:00:54.538240
2026-03-20 08:29:54,645 - ingestion - ERROR - 解析模拟数据失败: 时间戳不能是未来时间: 2026-03-20 20:01:54.538240
2026-03-20 08:29:54,645 - ingestion - ERROR - 解析模拟数据失败: 时间戳不能是未来时间: 2026-03-20 20:02:54.538240
2026-03-20 08:29:54,645 - ingestion - ERROR - 解析模拟数据失败: 时间戳不能是未来时间: 2026-03-20 20:03:54.538240
2026-03-20 08:29:54,645 - ingestion - ERROR - 解析模拟数据失败: 时间戳不能是未来时间: 2026-03-20 20:04:54.538240
2026-03-20 08:29:54,646 - ingestion - ERROR - 解析模拟数据失败: 时间戳不能是未来时间: 2026-03-20 20:05:54.538240
2026-03-20 08:29:54,646 - ingestion - ERROR - 解析模拟数据失败: 时间戳不能是未来时间: 2026-03-20 20:06:54.538240
2026-03-20 08:29:54,646 - ingestion - ERROR - 解析模拟数据失败: 时间戳不能是未来时间: 2026-03-20 20:07:54.538240
2026-03-20 08:29:54,646 - ingestion - ERROR - 解析模拟数据失败: 时间戳不能是未来时间: 2026-03-20 20:08:54.538240
2026-03-20 08:29:54,646 - ingestion - ERROR - 解析模拟数据失败: 时间戳不能是未来时间: 2026-03-20 20:09:54.538240
2026-03-20 08:29:54,646 - ingestion - ERROR - 解析模拟数据失败: 时间戳不能是未来时间: 2026-03-20 20:10:54.538240
2026-03-20 08:29:54,646 - ingestion - ERROR - 解析模拟数据失败: 时间戳不能是未来时间: 2026-03-20 20:11:54.538240
2026-03-20 08:29:54,646 - ingestion - ERROR - 解析模拟数据失败: 时间戳不能是未来时间: 2026-03-20 20:12:54.538240
2026-03-20 08:29:54,647 - ingestion - ERROR - 解析模拟数据失败: 时间戳不能是未来时间: 2026-03-20 20:13:54.538240
2026-03-20 08:29:54,647 - ingestion - ERROR - 解析模拟数据失败: 时间戳不能是未来时间: 2026-03-20 20:14:54.538240
2026-03-20 08:29:54,647 - ingestion - ERROR - 解析模拟数据失败: 时间戳不能是未来时间: 2026-03-20 20:15:54.538240
2026-03-20 08:29:54,647 - ingestion - ERROR - 解析模拟数据失败: 时间戳不能是未来时间: 2026-03-20 20:16:54.538240
2026-03-20 08:29:54,648 - ingestion - ERROR - 解析模拟数据失败: 时间戳不能是未来时间: 2026-03-20 20:17:54.538240
2026-03-20 08:29:54,648 - ingestion - ERROR - 解析模拟数据失败: 时间戳不能是未来时间: 2026-03-20 20:18:54.538240
2026-03-20 08:29:54,648 - ingestion - ERROR - 解析模拟数据失败: 时间戳不能是未来时间: 2026-03-20 20:19:54.538240
2026-03-20 08:29:54,648 - ingestion - ERROR - 解析模拟数据失败: 时间戳不能是未来时间: 2026-03-20 20:20:54.538240
2026-03-20 08:29:54,648 - ingestion - ERROR - 解析模拟数据失败: 时间戳不能是未来时间: 2026-03-20 20:21:54.538240
2026-03-20 08:29:54,648 - ingestion - ERROR - 解析模拟数据失败: 时间戳不能是未来时间: 2026-03-20 20:22:54.538240
2026-03-20 08:29:54,648 - ingestion - ERROR - 解析模拟数据失败: 时间戳不能是未来时间: 2026-03-20 20:23:54.538240
2026-03-20 08:29:54,649 - ingestion - ERROR - 解析模拟数据失败: 时间戳不能是未来时间: 2026-03-20 20:24:54.538240
2026-03-20 08:29:54,649 - ingestion - ERROR - 解析模拟数据失败: 时间戳不能是未来时间: 2026-03-20 20:25:54.538240
2026-03-20 08:29:54,649 - ingestion - ERROR - 解析模拟数据失败: 时间戳不能是未来时间: 2026-03-20 20:26:54.538240
2026-03-20 08:29:54,649 - ingestion - ERROR - 解析模拟数据失败: 时间戳不能是未来时间: 2026-03-20 20:27:54.538240
2026-03-20 08:29:54,649 - ingestion - ERROR - 解析模拟数据失败: 时间戳不能是未来时间: 2026-03-20 20:28:54.538240
2026-03-20 08:29:54,649 - ingestion - ERROR - 解析模拟数据失败: 时间戳不能是未来时间: 2026-03-20 20:29:54.538240
2026-03-20 08:29:54,649 - ingestion - ERROR - 解析模拟数据失败: 时间戳不能是未来时间: 2026-03-20 20:30:54.538240
2026-03-20 08:29:54,649 - ingestion - ERROR - 解析模拟数据失败: 时间戳不能是未来时间: 2026-03-20 20:31:54.538240
2026-03-20 08:29:54,649 - ingestion - ERROR - 解析模拟数据失败: 时间戳不能是未来时间: 2026-03-20 20:32:54.538240
2026-03-20 08:29:54,649 - ingestion - ERROR - 解析模拟数据失败: 时间戳不能是未来时间: 2026-03-20 20:33:54.538240
2026-03-20 08:29:54,649 - ingestion - ERROR - 解析模拟数据失败: 时间戳不能是未来时间: 2026-03-20 20:34:54.538240
2026-03-20 08:29:54,649 - ingestion - ERROR - 解析模拟数据失败: 时间戳不能是未来时间: 2026-03-20 20:35:54.538240
2026-03-20 08:29:54,649 - ingestion - ERROR - 解析模拟数据失败: 时间戳不能是未来时间: 2026-03-20 20:36:54.538240
2026-03-20 08:29:54,650 - ingestion - ERROR - 解析模拟数据失败: 时间戳不能是未来时间: 2026-03-20 20:37:54.538240
2026-03-20 08:29:54,650 - ingestion - ERROR - 解析模拟数据失败: 时间戳不能是未来时间: 2026-03-20 20:38:54.538240
2026-03-20 08:29:54,651 - ingestion - ERROR - 解析模拟数据失败: 时间戳不能是未来时间: 2026-03-20 20:39:54.538240
2026-03-20 08:29:54,651 - ingestion - ERROR - 解析模拟数据失败: 时间戳不能是未来时间: 2026-03-20 20:40:54.538240
2026-03-20 08:29:54,651 - ingestion - ERROR - 解析模拟数据失败: 时间戳不能是未来时间: 2026-03-20 20:41:54.538240
2026-03-20 08:29:54,651 - ingestion - ERROR - 解析模拟数据失败: 时间戳不能是未来时间: 2026-03-20 20:42:54.538240
2026-03-20 08:29:54,651 - ingestion - ERROR - 解析模拟数据失败: 时间戳不能是未来时间: 2026-03-20 20:43:54.538240
2026-03-20 08:29:54,651 - ingestion - ERROR - 解析模拟数据失败: 时间戳不能是未来时间: 2026-03-20 20:44:54.538240
2026-03-20 08:29:54,651 - ingestion - ERROR - 解析模拟数据失败: 时间戳不能是未来时间: 2026-03-20 20:45:54.538240
2026-03-20 08:29:54,651 - ingestion - ERROR - 解析模拟数据失败: 时间戳不能是未来时间: 2026-03-20 20:46:54.538240
2026-03-20 08:29:54,651 - ingestion - ERROR - 解析模拟数据失败: 时间戳不能是未来时间: 2026-03-20 20:47:54.538240
2026-03-20 08:29:54,652 - ingestion - ERROR - 解析模拟数据失败: 时间戳不能是未来时间: 2026-03-20 20:48:54.538240
2026-03-20 08:29:54,652 - ingestion - ERROR - 解析模拟数据失败: 时间戳不能是未来时间: 2026-03-20 20:49:54.538240
2026-03-20 08:29:54,652 - ingestion - ERROR - 解析模拟数据失败: 时间戳不能是未来时间: 2026-03-20 20:50:54.538240
2026-03-20 08:29:54,652 - ingestion - ERROR - 解析模拟数据失败: 时间戳不能是未来时间: 2026-03-20 20:51:54.538240
2026-03-20 08:29:54,652 - ingestion - ERROR - 解析模拟数据失败: 时间戳不能是未来时间: 2026-03-20 20:52:54.538240
2026-03-20 08:29:54,652 - ingestion - ERROR - 解析模拟数据失败: 时间戳不能是未来时间: 2026-03-20 20:53:54.538240
2026-03-20 08:29:54,652 - ingestion - ERROR - 解析模拟数据失败: 时间戳不能是未来时间: 2026-03-20 20:54:54.538240
2026-03-20 08:29:54,652 - ingestion - ERROR - 解析模拟数据失败: 时间戳不能是未来时间: 2026-03-20 20:55:54.538240
2026-03-20 08:29:54,652 - ingestion - ERROR - 解析模拟数据失败: 时间戳不能是未来时间: 2026-03-20 20:56:54.538240
2026-03-20 08:29:54,652 - ingestion - ERROR - 解析模拟数据失败: 时间戳不能是未来时间: 2026-03-20 20:57:54.538240
2026-03-20 08:29:54,652 - ingestion - ERROR - 解析模拟数据失败: 时间戳不能是未来时间: 2026-03-20 20:58:54.538240
2026-03-20 08:29:54,652 - ingestion - ERROR - 解析模拟数据失败: 时间戳不能是未来时间: 2026-03-20 20:59:54.538240
2026-03-20 08:29:54,653 - ingestion - ERROR - 解析模拟数据失败: 时间戳不能是未来时间: 2026-03-20 21:00:54.538240
2026-03-20 08:29:54,653 - ingestion - ERROR - 解析模拟数据失败: 时间戳不能是未来时间: 2026-03-20 21:01:54.538240
2026-03-20 08:29:54,654 - ingestion - ERROR - 解析模拟数据失败: 时间戳不能是未来时间: 2026-03-20 21:02:54.538240
2026-03-20 08:29:54,654 - ingestion - ERROR - 解析模拟数据失败: 时间戳不能是未来时间: 2026-03-20 21:03:54.538240
2026-03-20 08:29:54,654 - ingestion - ERROR - 解析模拟数据失败: 时间戳不能是未来时间: 2026-03-20 21:04:54.538240
2026-03-20 08:29:54,654 - ingestion - ERROR - 解析模拟数据失败: 时间戳不能是未来时间: 2026-03-20 21:05:54.538240
2026-03-20 08:29:54,654 - ingestion - ERROR - 解析模拟数据失败: 时间戳不能是未来时间: 2026-03-20 21:06:54.538240
2026-03-20 08:29:54,654 - ingestion - ERROR - 解析模拟数据失败: 时间戳不能是未来时间: 2026-03-20 21:07:54.538240
2026-03-20 08:29:54,654 - ingestion - ERROR - 解析模拟数据失败: 时间戳不能是未来时间: 2026-03-20 21:08:54.538240
2026-03-20 08:29:54,655 - ingestion - ERROR - 解析模拟数据失败: 时间戳不能是未来时间: 2026-03-20 21:09:54.538240
2026-03-20 08:29:54,655 - ingestion - ERROR - 解析模拟数据失败: 时间戳不能是未来时间: 2026-03-20 21:10:54.538240
2026-03-20 08:29:54,655 - ingestion - ERROR - 解析模拟数据失败: 时间戳不能是未来时间: 2026-03-20 21:11:54.538240
2026-03-20 08:29:54,655 - ingestion - ERROR - 解析模拟数据失败: 时间戳不能是未来时间: 2026-03-20 21:12:54.538240
2026-03-20 08:29:54,655 - ingestion - ERROR - 解析模拟数据失败: 时间戳不能是未来时间: 2026-03-20 21:13:54.538240
2026-03-20 08:29:54,655 - ingestion - ERROR - 解析模拟数据失败: 时间戳不能是未来时间: 2026-03-20 21:14:54.538240
2026-03-20 08:29:54,655 - ingestion - ERROR - 解析模拟数据失败: 时间戳不能是未来时间: 2026-03-20 21:15:54.538240
2026-03-20 08:29:54,655 - ingestion - ERROR - 解析模拟数据失败: 时间戳不能是未来时间: 2026-03-20 21:16:54.538240
2026-03-20 08:29:54,655 - ingestion - ERROR - 解析模拟数据失败: 时间戳不能是未来时间: 2026-03-20 21:17:54.538240
2026-03-20 08:29:54,655 - ingestion - ERROR - 解析模拟数据失败: 时间戳不能是未来时间: 2026-03-20 21:18:54.538240
2026-03-20 08:29:54,655 - ingestion - ERROR - 解析模拟数据失败: 时间戳不能是未来时间: 2026-03-20 21:19:54.538240
2026-03-20 08:29:54,655 - ingestion - ERROR - 解析模拟数据失败: 时间戳不能是未来时间: 2026-03-20 21:20:54.538240
2026-03-20 08:29:54,656 - ingestion - ERROR - 解析模拟数据失败: 时间戳不能是未来时间: 2026-03-20 21:21:54.538240
2026-03-20 08:29:54,656 - ingestion - ERROR - 解析模拟数据失败: 时间戳不能是未来时间: 2026-03-20 21:22:54.538240
2026-03-20 08:29:54,657 - ingestion - ERROR - 解析模拟数据失败: 时间戳不能是未来时间: 2026-03-20 21:23:54.538240
2026-03-20 08:29:54,657 - ingestion - ERROR - 解析模拟数据失败: 时间戳不能是未来时间: 2026-03-20 21:24:54.538240
2026-03-20 08:29:54,657 - ingestion - ERROR - 解析模拟数据失败: 时间戳不能是未来时间: 2026-03-20 21:25:54.538240
2026-03-20 08:29:54,657 - ingestion - ERROR - 解析模拟数据失败: 时间戳不能是未来时间: 2026-03-20 21:26:54.538240
2026-03-20 08:29:54,658 - ingestion - ERROR - 解析模拟数据失败: 时间戳不能是未来时间: 2026-03-20 21:27:54.538240
2026-03-20 08:29:54,658 - ingestion - ERROR - 解析模拟数据失败: 时间戳不能是未来时间: 2026-03-20 21:28:54.538240
2026-03-20 08:29:54,658 - ingestion - ERROR - 解析模拟数据失败: 时间戳不能是未来时间: 2026-03-20 21:29:54.538240
2026-03-20 08:29:54,658 - ingestion - ERROR - 解析模拟数据失败: 时间戳不能是未来时间: 2026-03-20 21:30:54.538240
2026-03-20 08:29:54,658 - ingestion - ERROR - 解析模拟数据失败: 时间戳不能是未来时间: 2026-03-20 21:31:54.538240
2026-03-20 08:29:54,658 - ingestion - ERROR - 解析模拟数据失败: 时间戳不能是未来时间: 2026-03-20 21:32:54.538240
2026-03-20 08:29:54,658 - ingestion - ERROR - 解析模拟数据失败: 时间戳不能是未来时间: 2026-03-20 21:33:54.538240
2026-03-20 08:29:54,658 - ingestion - ERROR - 解析模拟数据失败: 时间戳不能是未来时间: 2026-03-20 21:34:54.538240
2026-03-20 08:29:54,658 - ingestion - ERROR - 解析模拟数据失败: 时间戳不能是未来时间: 2026-03-20 21:35:54.538240
2026-03-20 08:29:54,658 - ingestion - ERROR - 解析模拟数据失败: 时间戳不能是未来时间: 2026-03-20 21:36:54.538240
2026-03-20 08:29:54,658 - ingestion - ERROR - 解析模拟数据失败: 时间戳不能是未来时间: 2026-03-20 21:37:54.538240
2026-03-20 08:29:54,659 - ingestion - ERROR - 解析模拟数据失败: 时间戳不能是未来时间: 2026-03-20 21:38:54.538240
2026-03-20 08:29:54,659 - ingestion - ERROR - 解析模拟数据失败: 时间戳不能是未来时间: 2026-03-20 21:39:54.538240
2026-03-20 08:29:54,659 - ingestion - ERROR - 解析模拟数据失败: 时间戳不能是未来时间: 2026-03-20 21:40:54.538240
2026-03-20 08:29:54,659 - ingestion - ERROR - 解析模拟数据失败: 时间戳不能是未来时间: 2026-03-20 21:41:54.538240
2026-03-20 08:29:54,660 - ingestion - ERROR - 解析模拟数据失败: 时间戳不能是未来时间: 2026-03-20 21:42:54.538240
2026-03-20 08:29:54,660 - ingestion - ERROR - 解析模拟数据失败: 时间戳不能是未来时间: 2026-03-20 21:43:54.538240
2026-03-20 08:29:54,660 - ingestion - ERROR - 解析模拟数据失败: 时间戳不能是未来时间: 2026-03-20 21:44:54.538240
2026-03-20 08:29:54,660 - ingestion - ERROR - 解析模拟数据失败: 时间戳不能是未来时间: 2026-03-20 21:45:54.538240
2026-03-20 08:29:54,660 - ingestion - ERROR - 解析模拟数据失败: 时间戳不能是未来时间: 2026-03-20 21:46:54.538240
2026-03-20 08:29:54,660 - ingestion - ERROR - 解析模拟数据失败: 时间戳不能是未来时间: 2026-03-20 21:47:54.538240
2026-03-20 08:29:54,660 - ingestion - ERROR - 解析模拟数据失败: 时间戳不能是未来时间: 2026-03-20 21:48:54.538240
2026-03-20 08:29:54,661 - ingestion - ERROR - 解析模拟数据失败: 时间戳不能是未来时间: 2026-03-20 21:49:54.538240
2026-03-20 08:29:54,661 - ingestion - ERROR - 解析模拟数据失败: 时间戳不能是未来时间: 2026-03-20 21:50:54.538240
2026-03-20 08:29:54,662 - ingestion - ERROR - 解析模拟数据失败: 时间戳不能是未来时间: 2026-03-20 21:51:54.538240
2026-03-20 08:29:54,662 - ingestion - ERROR - 解析模拟数据失败: 时间戳不能是未来时间: 2026-03-20 21:52:54.538240
2026-03-20 08:29:54,662 - ingestion - ERROR - 解析模拟数据失败: 时间戳不能是未来时间: 2026-03-20 21:53:54.538240
2026-03-20 08:29:54,662 - ingestion - ERROR - 解析模拟数据失败: 时间戳不能是未来时间: 2026-03-20 21:54:54.538240
2026-03-20 08:29:54,662 - ingestion - ERROR - 解析模拟数据失败: 时间戳不能是未来时间: 2026-03-20 21:55:54.538240
2026-03-20 08:29:54,662 - ingestion - ERROR - 解析模拟数据失败: 时间戳不能是未来时间: 2026-03-20 21:56:54.538240
2026-03-20 08:29:54,662 - ingestion - ERROR - 解析模拟数据失败: 时间戳不能是未来时间: 2026-03-20 21:57:54.538240
2026-03-20 08:29:54,663 - ingestion - ERROR - 解析模拟数据失败: 时间戳不能是未来时间: 2026-03-20 21:58:54.538240
2026-03-20 08:29:54,663 - ingestion - ERROR - 解析模拟数据失败: 时间戳不能是未来时间: 2026-03-20 21:59:54.538240
2026-03-20 08:29:54,663 - ingestion - ERROR - 解析模拟数据失败: 时间戳不能是未来时间: 2026-03-20 22:00:54.538240
2026-03-20 08:29:54,664 - ingestion - ERROR - 解析模拟数据失败: 时间戳不能是未来时间: 2026-03-20 22:01:54.538240
2026-03-20 08:29:54,664 - ingestion - ERROR - 解析模拟数据失败: 时间戳不能是未来时间: 2026-03-20 22:02:54.538240
2026-03-20 08:29:54,664 - ingestion - ERROR - 解析模拟数据失败: 时间戳不能是未来时间: 2026-03-20 22:03:54.538240
2026-03-20 08:29:54,664 - ingestion - ERROR - 解析模拟数据失败: 时间戳不能是未来时间: 2026-03-20 22:04:54.538240
2026-03-20 08:29:54,664 - ingestion - ERROR - 解析模拟数据失败: 时间戳不能是未来时间: 2026-03-20 22:05:54.538240
2026-03-20 08:29:54,664 - ingestion - ERROR - 解析模拟数据失败: 时间戳不能是未来时间: 2026-03-20 22:06:54.538240
2026-03-20 08:29:54,664 - ingestion - ERROR - 解析模拟数据失败: 时间戳不能是未来时间: 2026-03-20 22:07:54.538240
2026-03-20 08:29:54,664 - ingestion - ERROR - 解析模拟数据失败: 时间戳不能是未来时间: 2026-03-20 22:08:54.538240
2026-03-20 08:29:54,664 - ingestion - ERROR - 解析模拟数据失败: 时间戳不能是未来时间: 2026-03-20 22:09:54.538240
2026-03-20 08:29:54,664 - ingestion - ERROR - 解析模拟数据失败: 时间戳不能是未来时间: 2026-03-20 22:10:54.538240
2026-03-20 08:29:54,664 - ingestion - ERROR - 解析模拟数据失败: 时间戳不能是未来时间: 2026-03-20 22:11:54.538240
2026-03-20 08:29:54,665 - ingestion - ERROR - 解析模拟数据失败: 时间戳不能是未来时间: 2026-03-20 22:12:54.538240
2026-03-20 08:29:54,665 - ingestion - ERROR - 解析模拟数据失败: 时间戳不能是未来时间: 2026-03-20 22:13:54.538240
2026-03-20 08:29:54,665 - ingestion - ERROR - 解析模拟数据失败: 时间戳不能是未来时间: 2026-03-20 22:14:54.538240
2026-03-20 08:29:54,665 - ingestion - ERROR - 解析模拟数据失败: 时间戳不能是未来时间: 2026-03-20 22:15:54.538240
2026-03-20 08:29:54,665 - ingestion - ERROR - 解析模拟数据失败: 时间戳不能是未来时间: 2026-03-20 22:16:54.538240
2026-03-20 08:29:54,665 - ingestion - ERROR - 解析模拟数据失败: 时间戳不能是未来时间: 2026-03-20 22:17:54.538240
2026-03-20 08:29:54,665 - ingestion - ERROR - 解析模拟数据失败: 时间戳不能是未来时间: 2026-03-20 22:18:54.538240
2026-03-20 08:29:54,665 - ingestion - ERROR - 解析模拟数据失败: 时间戳不能是未来时间: 2026-03-20 22:19:54.538240
2026-03-20 08:29:54,665 - ingestion - ERROR - 解析模拟数据失败: 时间戳不能是未来时间: 2026-03-20 22:20:54.538240
2026-03-20 08:29:54,665 - ingestion - ERROR - 解析模拟数据失败: 时间戳不能是未来时间: 2026-03-20 22:21:54.538240
2026-03-20 08:29:54,665 - ingestion - ERROR - 解析模拟数据失败: 时间戳不能是未来时间: 2026-03-20 22:22:54.538240
2026-03-20 08:29:54,665 - ingestion - ERROR - 解析模拟数据失败: 时间戳不能是未来时间: 2026-03-20 22:23:54.538240
2026-03-20 08:29:54,665 - ingestion - ERROR - 解析模拟数据失败: 时间戳不能是未来时间: 2026-03-20 22:24:54.538240
2026-03-20 08:29:54,667 - ingestion - ERROR - 解析模拟数据失败: 时间戳不能是未来时间: 2026-03-20 22:25:54.538240
2026-03-20 08:29:54,667 - ingestion - ERROR - 解析模拟数据失败: 时间戳不能是未来时间: 2026-03-20 22:26:54.538240
2026-03-20 08:29:54,667 - ingestion - ERROR - 解析模拟数据失败: 时间戳不能是未来时间: 2026-03-20 22:27:54.538240
2026-03-20 08:29:54,667 - ingestion - ERROR - 解析模拟数据失败: 时间戳不能是未来时间: 2026-03-20 22:28:54.538240
2026-03-20 08:29:54,667 - ingestion - ERROR - 解析模拟数据失败: 时间戳不能是未来时间: 2026-03-20 22:29:54.538240
2026-03-20 08:29:54,667 - ingestion - ERROR - 解析模拟数据失败: 时间戳不能是未来时间: 2026-03-20 22:30:54.538240
2026-03-20 08:29:54,667 - ingestion - ERROR - 解析模拟数据失败: 时间戳不能是未来时间: 2026-03-20 22:31:54.538240
2026-03-20 08:29:54,667 - ingestion - ERROR - 解析模拟数据失败: 时间戳不能是未来时间: 2026-03-20 22:32:54.538240
2026-03-20 08:29:54,667 - ingestion - ERROR - 解析模拟数据失败: 时间戳不能是未来时间: 2026-03-20 22:33:54.538240
2026-03-20 08:29:54,667 - ingestion - ERROR - 解析模拟数据失败: 时间戳不能是未来时间: 2026-03-20 22:34:54.538240
2026-03-20 08:29:54,667 - ingestion - ERROR - 解析模拟数据失败: 时间戳不能是未来时间: 2026-03-20 22:35:54.538240
2026-03-20 08:29:54,668 - ingestion - ERROR - 解析模拟数据失败: 时间戳不能是未来时间: 2026-03-20 22:36:54.538240
2026-03-20 08:29:54,668 - ingestion - ERROR - 解析模拟数据失败: 时间戳不能是未来时间: 2026-03-20 22:37:54.538240
2026-03-20 08:29:54,668 - ingestion - ERROR - 解析模拟数据失败: 时间戳不能是未来时间: 2026-03-20 22:38:54.538240
2026-03-20 08:29:54,668 - ingestion - ERROR - 解析模拟数据失败: 时间戳不能是未来时间: 2026-03-20 22:39:54.538240
2026-03-20 08:29:54,668 - ingestion - ERROR - 解析模拟数据失败: 时间戳不能是未来时间: 2026-03-20 22:40:54.538240
2026-03-20 08:29:54,668 - ingestion - ERROR - 解析模拟数据失败: 时间戳不能是未来时间: 2026-03-20 22:41:54.538240
2026-03-20 08:29:54,668 - ingestion - ERROR - 解析模拟数据失败: 时间戳不能是未来时间: 2026-03-20 22:42:54.538240
2026-03-20 08:29:54,668 - ingestion - ERROR - 解析模拟数据失败: 时间戳不能是未来时间: 2026-03-20 22:43:54.538240
2026-03-20 08:29:54,668 - ingestion - ERROR - 解析模拟数据失败: 时间戳不能是未来时间: 2026-03-20 22:44:54.538240
2026-03-20 08:29:54,668 - ingestion - ERROR - 解析模拟数据失败: 时间戳不能是未来时间: 2026-03-20 22:45:54.538240
2026-03-20 08:29:54,668 - ingestion - ERROR - 解析模拟数据失败: 时间戳不能是未来时间: 2026-03-20 22:46:54.538240
2026-03-20 08:29:54,668 - ingestion - ERROR - 解析模拟数据失败: 时间戳不能是未来时间: 2026-03-20 22:47:54.538240
2026-03-20 08:29:54,668 - ingestion - ERROR - 解析模拟数据失败: 时间戳不能是未来时间: 2026-03-20 22:48:54.538240
2026-03-20 08:29:54,668 - ingestion - ERROR - 解析模拟数据失败: 时间戳不能是未来时间: 2026-03-20 22:49:54.538240
2026-03-20 08:29:54,670 - ingestion - ERROR - 解析模拟数据失败: 时间戳不能是未来时间: 2026-03-20 22:50:54.538240
2026-03-20 08:29:54,670 - ingestion - ERROR - 解析模拟数据失败: 时间戳不能是未来时间: 2026-03-20 22:51:54.538240
2026-03-20 08:29:54,670 - ingestion - ERROR - 解析模拟数据失败: 时间戳不能是未来时间: 2026-03-20 22:52:54.538240
2026-03-20 08:29:54,670 - ingestion - ERROR - 解析模拟数据失败: 时间戳不能是未来时间: 2026-03-20 22:53:54.538240
2026-03-20 08:29:54,670 - ingestion - ERROR - 解析模拟数据失败: 时间戳不能是未来时间: 2026-03-20 22:54:54.538240
2026-03-20 08:29:54,670 - ingestion - ERROR - 解析模拟数据失败: 时间戳不能是未来时间: 2026-03-20 22:55:54.538240
2026-03-20 08:29:54,670 - ingestion - ERROR - 解析模拟数据失败: 时间戳不能是未来时间: 2026-03-20 22:56:54.538240
2026-03-20 08:29:54,670 - ingestion - ERROR - 解析模拟数据失败: 时间戳不能是未来时间: 2026-03-20 22:57:54.538240
2026-03-20 08:29:54,670 - ingestion - ERROR - 解析模拟数据失败: 时间戳不能是未来时间: 2026-03-20 22:58:54.538240
2026-03-20 08:29:54,670 - ingestion - ERROR - 解析模拟数据失败: 时间戳不能是未来时间: 2026-03-20 22:59:54.538240
2026-03-20 08:29:54,670 - ingestion - ERROR - 解析模拟数据失败: 时间戳不能是未来时间: 2026-03-20 23:00:54.538240
2026-03-20 08:29:54,670 - ingestion - ERROR - 解析模拟数据失败: 时间戳不能是未来时间: 2026-03-20 23:01:54.538240
2026-03-20 08:29:54,671 - ingestion - ERROR - 解析模拟数据失败: 时间戳不能是未来时间: 2026-03-20 23:02:54.538240
2026-03-20 08:29:54,671 - ingestion - ERROR - 解析模拟数据失败: 时间戳不能是未来时间: 2026-03-20 23:03:54.538240
2026-03-20 08:29:54,671 - ingestion - ERROR - 解析模拟数据失败: 时间戳不能是未来时间: 2026-03-20 23:04:54.538240
2026-03-20 08:29:54,671 - ingestion - ERROR - 解析模拟数据失败: 时间戳不能是未来时间: 2026-03-20 23:05:54.538240
2026-03-20 08:29:54,671 - ingestion - ERROR - 解析模拟数据失败: 时间戳不能是未来时间: 2026-03-20 23:06:54.538240
2026-03-20 08:29:54,671 - ingestion - ERROR - 解析模拟数据失败: 时间戳不能是未来时间: 2026-03-20 23:07:54.538240
2026-03-20 08:29:54,671 - ingestion - ERROR - 解析模拟数据失败: 时间戳不能是未来时间: 2026-03-20 23:08:54.538240
2026-03-20 08:29:54,673 - ingestion - ERROR - 解析模拟数据失败: 时间戳不能是未来时间: 2026-03-20 23:09:54.538240
2026-03-20 08:29:54,673 - ingestion - ERROR - 解析模拟数据失败: 时间戳不能是未来时间: 2026-03-20 23:10:54.538240
2026-03-20 08:29:54,673 - ingestion - ERROR - 解析模拟数据失败: 时间戳不能是未来时间: 2026-03-20 23:11:54.538240
2026-03-20 08:29:54,673 - ingestion - ERROR - 解析模拟数据失败: 时间戳不能是未来时间: 2026-03-20 23:12:54.538240
2026-03-20 08:29:54,673 - ingestion - ERROR - 解析模拟数据失败: 时间戳不能是未来时间: 2026-03-20 23:13:54.538240
2026-03-20 08:29:54,673 - ingestion - ERROR - 解析模拟数据失败: 时间戳不能是未来时间: 2026-03-20 23:14:54.538240
2026-03-20 08:29:54,673 - ingestion - ERROR - 解析模拟数据失败: 时间戳不能是未来时间: 2026-03-20 23:15:54.538240
2026-03-20 08:29:54,673 - ingestion - ERROR - 解析模拟数据失败: 时间戳不能是未来时间: 2026-03-20 23:16:54.538240
2026-03-20 08:29:54,673 - ingestion - ERROR - 解析模拟数据失败: 时间戳不能是未来时间: 2026-03-20 23:17:54.538240
2026-03-20 08:29:54,673 - ingestion - ERROR - 解析模拟数据失败: 时间戳不能是未来时间: 2026-03-20 23:18:54.538240
2026-03-20 08:29:54,673 - ingestion - ERROR - 解析模拟数据失败: 时间戳不能是未来时间: 2026-03-20 23:19:54.538240
2026-03-20 08:29:54,673 - ingestion - ERROR - 解析模拟数据失败: 时间戳不能是未来时间: 2026-03-20 23:20:54.538240
2026-03-20 08:29:54,674 - ingestion - ERROR - 解析模拟数据失败: 时间戳不能是未来时间: 2026-03-20 23:21:54.538240
2026-03-20 08:29:54,674 - ingestion - ERROR - 解析模拟数据失败: 时间戳不能是未来时间: 2026-03-20 23:22:54.538240
2026-03-20 08:29:54,674 - ingestion - ERROR - 解析模拟数据失败: 时间戳不能是未来时间: 2026-03-20 23:23:54.538240
2026-03-20 08:29:54,674 - ingestion - ERROR - 解析模拟数据失败: 时间戳不能是未来时间: 2026-03-20 23:24:54.538240
2026-03-20 08:29:54,674 - ingestion - ERROR - 解析模拟数据失败: 时间戳不能是未来时间: 2026-03-20 23:25:54.538240
2026-03-20 08:29:54,674 - ingestion - ERROR - 解析模拟数据失败: 时间戳不能是未来时间: 2026-03-20 23:26:54.538240
2026-03-20 08:29:54,676 - ingestion - ERROR - 解析模拟数据失败: 时间戳不能是未来时间: 2026-03-20 23:27:54.538240
2026-03-20 08:29:54,676 - ingestion - ERROR - 解析模拟数据失败: 时间戳不能是未来时间: 2026-03-20 23:28:54.538240
2026-03-20 08:29:54,676 - ingestion - ERROR - 解析模拟数据失败: 时间戳不能是未来时间: 2026-03-20 23:29:54.538240
2026-03-20 08:29:54,676 - ingestion - ERROR - 解析模拟数据失败: 时间戳不能是未来时间: 2026-03-20 23:30:54.538240
2026-03-20 08:29:54,676 - ingestion - ERROR - 解析模拟数据失败: 时间戳不能是未来时间: 2026-03-20 23:31:54.538240
2026-03-20 08:29:54,676 - ingestion - ERROR - 解析模拟数据失败: 时间戳不能是未来时间: 2026-03-20 23:32:54.538240
2026-03-20 08:29:54,677 - ingestion - ERROR - 解析模拟数据失败: 时间戳不能是未来时间: 2026-03-20 23:33:54.538240
2026-03-20 08:29:54,677 - ingestion - ERROR - 解析模拟数据失败: 时间戳不能是未来时间: 2026-03-20 23:34:54.538240
2026-03-20 08:29:54,677 - ingestion - ERROR - 解析模拟数据失败: 时间戳不能是未来时间: 2026-03-20 23:35:54.538240
2026-03-20 08:29:54,677 - ingestion - ERROR - 解析模拟数据失败: 时间戳不能是未来时间: 2026-03-20 23:36:54.538240
2026-03-20 08:29:54,677 - ingestion - ERROR - 解析模拟数据失败: 时间戳不能是未来时间: 2026-03-20 23:37:54.538240
2026-03-20 08:29:54,677 - ingestion - ERROR - 解析模拟数据失败: 时间戳不能是未来时间: 2026-03-20 23:38:54.538240
2026-03-20 08:29:54,677 - ingestion - ERROR - 解析模拟数据失败: 时间戳不能是未来时间: 2026-03-20 23:39:54.538240
2026-03-20 08:29:54,677 - ingestion - ERROR - 解析模拟数据失败: 时间戳不能是未来时间: 2026-03-20 23:40:54.538240
2026-03-20 08:29:54,677 - ingestion - ERROR - 解析模拟数据失败: 时间戳不能是未来时间: 2026-03-20 23:41:54.538240
2026-03-20 08:29:54,677 - ingestion - ERROR - 解析模拟数据失败: 时间戳不能是未来时间: 2026-03-20 23:42:54.538240
2026-03-20 08:29:54,677 - ingestion - ERROR - 解析模拟数据失败: 时间戳不能是未来时间: 2026-03-20 23:43:54.538240
2026-03-20 08:29:54,677 - ingestion - ERROR - 解析模拟数据失败: 时间戳不能是未来时间: 2026-03-20 23:44:54.538240
2026-03-20 08:29:54,677 - ingestion - ERROR - 解析模拟数据失败: 时间戳不能是未来时间: 2026-03-20 23:45:54.538240
2026-03-20 08:29:54,679 - ingestion - ERROR - 解析模拟数据失败: 时间戳不能是未来时间: 2026-03-20 23:46:54.538240
2026-03-20 08:29:54,679 - ingestion - ERROR - 解析模拟数据失败: 时间戳不能是未来时间: 2026-03-20 23:47:54.538240
2026-03-20 08:29:54,679 - ingestion - ERROR - 解析模拟数据失败: 时间戳不能是未来时间: 2026-03-20 23:48:54.538240
2026-03-20 08:29:54,679 - ingestion - ERROR - 解析模拟数据失败: 时间戳不能是未来时间: 2026-03-20 23:49:54.538240
2026-03-20 08:29:54,679 - ingestion - ERROR - 解析模拟数据失败: 时间戳不能是未来时间: 2026-03-20 23:50:54.538240
2026-03-20 08:29:54,679 - ingestion - ERROR - 解析模拟数据失败: 时间戳不能是未来时间: 2026-03-20 23:51:54.538240
2026-03-20 08:29:54,679 - ingestion - ERROR - 解析模拟数据失败: 时间戳不能是未来时间: 2026-03-20 23:52:54.538240
2026-03-20 08:29:54,679 - ingestion - ERROR - 解析模拟数据失败: 时间戳不能是未来时间: 2026-03-20 23:53:54.538240
2026-03-20 08:29:54,679 - ingestion - ERROR - 解析模拟数据失败: 时间戳不能是未来时间: 2026-03-20 23:54:54.538240
2026-03-20 08:29:54,680 - ingestion - ERROR - 解析模拟数据失败: 时间戳不能是未来时间: 2026-03-20 23:55:54.538240
2026-03-20 08:29:54,680 - ingestion - ERROR - 解析模拟数据失败: 时间戳不能是未来时间: 2026-03-20 23:56:54.538240
2026-03-20 08:29:54,680 - ingestion - ERROR - 解析模拟数据失败: 时间戳不能是未来时间: 2026-03-20 23:57:54.538240
2026-03-20 08:29:54,680 - ingestion - ERROR - 解析模拟数据失败: 时间戳不能是未来时间: 2026-03-20 23:58:54.538240
2026-03-20 08:29:54,680 - ingestion - ERROR - 解析模拟数据失败: 时间戳不能是未来时间: 2026-03-20 23:59:54.538240
2026-03-20 08:29:54,680 - ingestion - ERROR - 解析模拟数据失败: 时间戳不能是未来时间: 2026-03-21 00:00:54.538240
2026-03-20 08:29:54,680 - ingestion - ERROR - 解析模拟数据失败: 时间戳不能是未来时间: 2026-03-21 00:01:54.538240
2026-03-20 08:29:54,680 - ingestion - ERROR - 解析模拟数据失败: 时间戳不能是未来时间: 2026-03-21 00:02:54.538240
2026-03-20 08:29:54,680 - ingestion - ERROR - 解析模拟数据失败: 时间戳不能是未来时间: 2026-03-21 00:03:54.538240
2026-03-20 08:29:54,680 - ingestion - ERROR - 解析模拟数据失败: 时间戳不能是未来时间: 2026-03-21 00:04:54.538240
2026-03-20 08:29:54,680 - ingestion - ERROR - 解析模拟数据失败: 时间戳不能是未来时间: 2026-03-21 00:05:54.538240
2026-03-20 08:29:54,680 - ingestion - ERROR - 解析模拟数据失败: 时间戳不能是未来时间: 2026-03-21 00:06:54.538240
2026-03-20 08:29:54,682 - ingestion - ERROR - 解析模拟数据失败: 时间戳不能是未来时间: 2026-03-21 00:07:54.538240
2026-03-20 08:29:54,682 - ingestion - ERROR - 解析模拟数据失败: 时间戳不能是未来时间: 2026-03-21 00:08:54.538240
2026-03-20 08:29:54,682 - ingestion - ERROR - 解析模拟数据失败: 时间戳不能是未来时间: 2026-03-21 00:09:54.538240
2026-03-20 08:29:54,682 - ingestion - ERROR - 解析模拟数据失败: 时间戳不能是未来时间: 2026-03-21 00:10:54.538240
2026-03-20 08:29:54,682 - ingestion - ERROR - 解析模拟数据失败: 时间戳不能是未来时间: 2026-03-21 00:11:54.538240
2026-03-20 08:29:54,682 - ingestion - ERROR - 解析模拟数据失败: 时间戳不能是未来时间: 2026-03-21 00:12:54.538240
2026-03-20 08:29:54,682 - ingestion - ERROR - 解析模拟数据失败: 时间戳不能是未来时间: 2026-03-21 00:13:54.538240
2026-03-20 08:29:54,682 - ingestion - ERROR - 解析模拟数据失败: 时间戳不能是未来时间: 2026-03-21 00:14:54.538240
2026-03-20 08:29:54,682 - ingestion - ERROR - 解析模拟数据失败: 时间戳不能是未来时间: 2026-03-21 00:15:54.538240
2026-03-20 08:29:54,683 - ingestion - ERROR - 解析模拟数据失败: 时间戳不能是未来时间: 2026-03-21 00:16:54.538240
2026-03-20 08:29:54,683 - ingestion - ERROR - 解析模拟数据失败: 时间戳不能是未来时间: 2026-03-21 00:17:54.538240
2026-03-20 08:29:54,683 - ingestion - ERROR - 解析模拟数据失败: 时间戳不能是未来时间: 2026-03-21 00:18:54.538240
2026-03-20 08:29:54,683 - ingestion - ERROR - 解析模拟数据失败: 时间戳不能是未来时间: 2026-03-21 00:19:54.538240
2026-03-20 08:29:54,683 - ingestion - ERROR - 解析模拟数据失败: 时间戳不能是未来时间: 2026-03-21 00:20:54.538240
2026-03-20 08:29:54,683 - ingestion - ERROR - 解析模拟数据失败: 时间戳不能是未来时间: 2026-03-21 00:21:54.538240
2026-03-20 08:29:54,683 - ingestion - ERROR - 解析模拟数据失败: 时间戳不能是未来时间: 2026-03-21 00:22:54.538240
2026-03-20 08:29:54,683 - ingestion - ERROR - 解析模拟数据失败: 时间戳不能是未来时间: 2026-03-21 00:23:54.538240
2026-03-20 08:29:54,685 - ingestion - ERROR - 解析模拟数据失败: 时间戳不能是未来时间: 2026-03-21 00:24:54.538240
2026-03-20 08:29:54,685 - ingestion - ERROR - 解析模拟数据失败: 时间戳不能是未来时间: 2026-03-21 00:25:54.538240
2026-03-20 08:29:54,685 - ingestion - ERROR - 解析模拟数据失败: 时间戳不能是未来时间: 2026-03-21 00:26:54.538240
2026-03-20 08:29:54,685 - ingestion - ERROR - 解析模拟数据失败: 时间戳不能是未来时间: 2026-03-21 00:27:54.538240
2026-03-20 08:29:54,685 - ingestion - ERROR - 解析模拟数据失败: 时间戳不能是未来时间: 2026-03-21 00:28:54.538240
2026-03-20 08:29:54,685 - ingestion - ERROR - 解析模拟数据失败: 时间戳不能是未来时间: 2026-03-21 00:29:54.538240
2026-03-20 08:29:54,685 - ingestion - ERROR - 解析模拟数据失败: 时间戳不能是未来时间: 2026-03-21 00:30:54.538240
2026-03-20 08:29:54,685 - ingestion - ERROR - 解析模拟数据失败: 时间戳不能是未来时间: 2026-03-21 00:31:54.538240
2026-03-20 08:29:54,686 - ingestion - ERROR - 解析模拟数据失败: 时间戳不能是未来时间: 2026-03-21 00:32:54.538240
2026-03-20 08:29:54,686 - ingestion - ERROR - 解析模拟数据失败: 时间戳不能是未来时间: 2026-03-21 00:33:54.538240
2026-03-20 08:29:54,686 - ingestion - ERROR - 解析模拟数据失败: 时间戳不能是未来时间: 2026-03-21 00:34:54.538240
2026-03-20 08:29:54,686 - ingestion - ERROR - 解析模拟数据失败: 时间戳不能是未来时间: 2026-03-21 00:35:54.538240
2026-03-20 08:29:54,686 - ingestion - ERROR - 解析模拟数据失败: 时间戳不能是未来时间: 2026-03-21 00:36:54.538240
2026-03-20 08:29:54,686 - ingestion - ERROR - 解析模拟数据失败: 时间戳不能是未来时间: 2026-03-21 00:37:54.538240
2026-03-20 08:29:54,686 - ingestion - ERROR - 解析模拟数据失败: 时间戳不能是未来时间: 2026-03-21 00:38:54.538240
2026-03-20 08:29:54,686 - ingestion - ERROR - 解析模拟数据失败: 时间戳不能是未来时间: 2026-03-21 00:39:54.538240
2026-03-20 08:29:54,686 - ingestion - ERROR - 解析模拟数据失败: 时间戳不能是未来时间: 2026-03-21 00:40:54.538240
2026-03-20 08:29:54,686 - ingestion - ERROR - 解析模拟数据失败: 时间戳不能是未来时间: 2026-03-21 00:41:54.538240
2026-03-20 08:29:54,686 - ingestion - ERROR - 解析模拟数据失败: 时间戳不能是未来时间: 2026-03-21 00:42:54.538240
2026-03-20 08:29:54,686 - ingestion - ERROR - 解析模拟数据失败: 时间戳不能是未来时间: 2026-03-21 00:43:54.538240
2026-03-20 08:29:54,687 - ingestion - ERROR - 解析模拟数据失败: 时间戳不能是未来时间: 2026-03-21 00:44:54.538240
2026-03-20 08:29:54,687 - ingestion - ERROR - 解析模拟数据失败: 时间戳不能是未来时间: 2026-03-21 00:45:54.538240
2026-03-20 08:29:54,687 - ingestion - ERROR - 解析模拟数据失败: 时间戳不能是未来时间: 2026-03-21 00:46:54.538240
2026-03-20 08:29:54,687 - ingestion - ERROR - 解析模拟数据失败: 时间戳不能是未来时间: 2026-03-21 00:47:54.538240
2026-03-20 08:29:54,687 - ingestion - ERROR - 解析模拟数据失败: 时间戳不能是未来时间: 2026-03-21 00:48:54.538240
2026-03-20 08:29:54,687 - ingestion - ERROR - 解析模拟数据失败: 时间戳不能是未来时间: 2026-03-21 00:49:54.538240
2026-03-20 08:29:54,687 - ingestion - ERROR - 解析模拟数据失败: 时间戳不能是未来时间: 2026-03-21 00:50:54.538240
2026-03-20 08:29:54,687 - ingestion - ERROR - 解析模拟数据失败: 时间戳不能是未来时间: 2026-03-21 00:51:54.538240
2026-03-20 08:29:54,687 - ingestion - ERROR - 解析模拟数据失败: 时间戳不能是未来时间: 2026-03-21 00:52:54.538240
2026-03-20 08:29:54,687 - ingestion - ERROR - 解析模拟数据失败: 时间戳不能是未来时间: 2026-03-21 00:53:54.538240
2026-03-20 08:29:54,687 - ingestion - ERROR - 解析模拟数据失败: 时间戳不能是未来时间: 2026-03-21 00:54:54.538240
2026-03-20 08:29:54,687 - ingestion - ERROR - 解析模拟数据失败: 时间戳不能是未来时间: 2026-03-21 00:55:54.538240
2026-03-20 08:29:54,687 - ingestion - ERROR - 解析模拟数据失败: 时间戳不能是未来时间: 2026-03-21 00:56:54.538240
2026-03-20 08:29:54,689 - ingestion - ERROR - 解析模拟数据失败: 时间戳不能是未来时间: 2026-03-21 00:57:54.538240
2026-03-20 08:29:54,689 - ingestion - ERROR - 解析模拟数据失败: 时间戳不能是未来时间: 2026-03-21 00:58:54.538240
2026-03-20 08:29:54,689 - ingestion - ERROR - 解析模拟数据失败: 时间戳不能是未来时间: 2026-03-21 00:59:54.538240
2026-03-20 08:29:54,689 - ingestion - ERROR - 解析模拟数据失败: 时间戳不能是未来时间: 2026-03-21 01:00:54.538240
2026-03-20 08:29:54,689 - ingestion - ERROR - 解析模拟数据失败: 时间戳不能是未来时间: 2026-03-21 01:01:54.538240
2026-03-20 08:29:54,689 - ingestion - ERROR - 解析模拟数据失败: 时间戳不能是未来时间: 2026-03-21 01:02:54.538240
2026-03-20 08:29:54,689 - ingestion - ERROR - 解析模拟数据失败: 时间戳不能是未来时间: 2026-03-21 01:03:54.538240
2026-03-20 08:29:54,689 - ingestion - ERROR - 解析模拟数据失败: 时间戳不能是未来时间: 2026-03-21 01:04:54.538240
2026-03-20 08:29:54,689 - ingestion - ERROR - 解析模拟数据失败: 时间戳不能是未来时间: 2026-03-21 01:05:54.538240
2026-03-20 08:29:54,690 - ingestion - ERROR - 解析模拟数据失败: 时间戳不能是未来时间: 2026-03-21 01:06:54.538240
2026-03-20 08:29:54,690 - ingestion - ERROR - 解析模拟数据失败: 时间戳不能是未来时间: 2026-03-21 01:07:54.538240
2026-03-20 08:29:54,690 - ingestion - ERROR - 解析模拟数据失败: 时间戳不能是未来时间: 2026-03-21 01:08:54.538240
2026-03-20 08:29:54,690 - __main__ - INFO - 数据流处理完成，共处理 6 条记录
2026-03-20 08:29:54,690 - ingestion - INFO - 关闭模拟数据流
2026-03-20 08:29:54,690 - __main__ - INFO - 生成最终聚合结果...
2026-03-20 08:29:54,692 - __main__ - INFO - 生成报告...
2026-03-20 08:29:54,693 - __main__ - INFO - 聚合结果已保存: output\aggregations.json
2026-03-20 08:29:54,693 - __main__ - INFO - 报警信息已保存: output\alerts.json
2026-03-20 08:29:54,695 - __main__ - INFO - 文本报告已保存: output\report.txt
2026-03-20 08:29:54,695 - __main__ - INFO - 所有传感器正常运行，无熔断
2026-03-20 08:29:54,695 - __main__ - INFO - ============================================================
2026-03-20 08:29:54,695 - __main__ - INFO - 分析完成!
2026-03-20 08:29:54,695 - __main__ - INFO - 处理记录: 6
2026-03-20 08:29:54,695 - __main__ - INFO - 聚合结果: 6
2026-03-20 08:29:54,695 - __main__ - INFO - 报警数量: 0
2026-03-20 08:29:54,695 - __main__ - INFO - ============================================================
2026-03-20 08:31:05,965 - __main__ - INFO - 初始化数据清洗管道...
2026-03-20 08:31:05,967 - __main__ - INFO - 初始化分析引擎...
2026-03-20 08:31:05,967 - __main__ - INFO - 初始化报告生成器...
2026-03-20 08:31:05,967 - __main__ - INFO - ============================================================
2026-03-20 08:31:05,967 - __main__ - INFO - 交通流量分析系统启动
2026-03-20 08:31:05,967 - __main__ - INFO - 输入源: mock
2026-03-20 08:31:05,967 - __main__ - INFO - 聚合窗口: 15 分钟
2026-03-20 08:31:05,967 - __main__ - INFO - ============================================================
2026-03-20 08:31:05,967 - ingestion - INFO - 打开模拟数据流: 1000 条记录, 10 个传感器
2026-03-20 08:31:05,967 - __main__ - INFO - 开始处理数据流...
2026-03-20 08:31:05,968 - models - WARNING - 记录被标记为可疑 [sensor=SENSOR_000]: 时间戳过期: 2026-03-19 15:46:05.968656
2026-03-20 08:31:05,968 - models - WARNING - 记录被标记为可疑 [sensor=SENSOR_001]: 时间戳过期: 2026-03-19 15:47:05.968656
2026-03-20 08:31:05,968 - models - WARNING - 记录被标记为可疑 [sensor=SENSOR_002]: 时间戳过期: 2026-03-19 15:48:05.968656
2026-03-20 08:31:05,968 - models - WARNING - 记录被标记为可疑 [sensor=SENSOR_003]: 时间戳过期: 2026-03-19 15:49:05.968656
2026-03-20 08:31:05,968 - models - WARNING - 记录被标记为可疑 [sensor=SENSOR_004]: 时间戳过期: 2026-03-19 15:50:05.968656
2026-03-20 08:31:05,968 - models - WARNING - 记录被标记为可疑 [sensor=SENSOR_005]: 时间戳过期: 2026-03-19 15:51:05.968656
2026-03-20 08:31:05,968 - models - WARNING - 记录被标记为可疑 [sensor=SENSOR_006]: 时间戳过期: 2026-03-19 15:52:05.968656
2026-03-20 08:31:05,970 - models - WARNING - 记录被标记为可疑 [sensor=SENSOR_007]: 时间戳过期: 2026-03-19 15:53:05.968656
2026-03-20 08:31:05,970 - models - WARNING - 记录被标记为可疑 [sensor=SENSOR_008]: 时间戳过期: 2026-03-19 15:54:05.968656
2026-03-20 08:31:05,970 - models - WARNING - 记录被标记为可疑 [sensor=SENSOR_009]: 时间戳过期: 2026-03-19 15:55:05.968656
2026-03-20 08:31:05,970 - models - WARNING - 记录被标记为可疑 [sensor=SENSOR_000]: 时间戳过期: 2026-03-19 15:56:05.968656
2026-03-20 08:31:05,970 - models - WARNING - 记录被标记为可疑 [sensor=SENSOR_001]: 时间戳过期: 2026-03-19 15:57:05.968656
2026-03-20 08:31:05,970 - models - WARNING - 记录被标记为可疑 [sensor=SENSOR_002]: 时间戳过期: 2026-03-19 15:58:05.968656
2026-03-20 08:31:05,970 - models - WARNING - 记录被标记为可疑 [sensor=SENSOR_003]: 时间戳过期: 2026-03-19 15:59:05.968656
2026-03-20 08:31:05,970 - models - WARNING - 记录被标记为可疑 [sensor=SENSOR_004]: 时间戳过期: 2026-03-19 16:00:05.968656
2026-03-20 08:31:05,970 - ingestion - ERROR - 解析模拟数据失败: 车辆数量不能为负数
2026-03-20 08:31:05,970 - models - WARNING - 记录被标记为可疑 [sensor=SENSOR_006]: 时间戳过期: 2026-03-19 16:02:05.968656
2026-03-20 08:31:05,971 - ingestion - ERROR - 解析模拟数据失败: 速度异常，超过200km/h
2026-03-20 08:31:05,971 - models - WARNING - 记录被标记为可疑 [sensor=SENSOR_008]: 时间戳过期: 2026-03-19 16:04:05.968656
2026-03-20 08:31:05,971 - models - WARNING - 记录被标记为可疑 [sensor=SENSOR_009]: 时间戳过期: 2026-03-19 16:05:05.968656
2026-03-20 08:31:05,971 - ingestion - ERROR - 解析模拟数据失败: 车辆数量不能为负数
2026-03-20 08:31:05,971 - ingestion - ERROR - 解析模拟数据失败: 车辆数量不能为负数
2026-03-20 08:31:05,971 - models - WARNING - 记录被标记为可疑 [sensor=SENSOR_002]: 时间戳过期: 2026-03-19 16:08:05.968656
2026-03-20 08:31:05,971 - models - WARNING - 记录被标记为可疑 [sensor=SENSOR_003]: 时间戳过期: 2026-03-19 16:09:05.968656
2026-03-20 08:31:05,971 - models - WARNING - 记录被标记为可疑 [sensor=SENSOR_004]: 时间戳过期: 2026-03-19 16:10:05.968656
2026-03-20 08:31:05,973 - models - WARNING - 记录被标记为可疑 [sensor=SENSOR_005]: 时间戳过期: 2026-03-19 16:11:05.968656
2026-03-20 08:31:05,973 - models - WARNING - 记录被标记为可疑 [sensor=SENSOR_006]: 时间戳过期: 2026-03-19 16:12:05.968656
2026-03-20 08:31:05,973 - models - WARNING - 记录被标记为可疑 [sensor=SENSOR_007]: 时间戳过期: 2026-03-19 16:13:05.968656
2026-03-20 08:31:05,973 - models - WARNING - 记录被标记为可疑 [sensor=SENSOR_008]: 时间戳过期: 2026-03-19 16:14:05.968656
2026-03-20 08:31:05,973 - models - WARNING - 记录被标记为可疑 [sensor=SENSOR_009]: 时间戳过期: 2026-03-19 16:15:05.968656
2026-03-20 08:31:05,973 - models - WARNING - 记录被标记为可疑 [sensor=SENSOR_000]: 时间戳过期: 2026-03-19 16:16:05.968656
2026-03-20 08:31:05,973 - models - WARNING - 记录被标记为可疑 [sensor=SENSOR_001]: 时间戳过期: 2026-03-19 16:17:05.968656
2026-03-20 08:31:05,973 - models - WARNING - 记录被标记为可疑 [sensor=SENSOR_002]: 时间戳过期: 2026-03-19 16:18:05.968656
2026-03-20 08:31:05,973 - models - WARNING - 记录被标记为可疑 [sensor=SENSOR_003]: 时间戳过期: 2026-03-19 16:19:05.968656
2026-03-20 08:31:05,974 - models - WARNING - 记录被标记为可疑 [sensor=SENSOR_004]: 时间戳过期: 2026-03-19 16:20:05.968656
2026-03-20 08:31:05,974 - models - WARNING - 记录被标记为可疑 [sensor=SENSOR_005]: 时间戳过期: 2026-03-19 16:21:05.968656
2026-03-20 08:31:05,974 - models - WARNING - 记录被标记为可疑 [sensor=SENSOR_006]: 时间戳过期: 2026-03-19 16:22:05.968656
2026-03-20 08:31:05,974 - models - WARNING - 记录被标记为可疑 [sensor=SENSOR_007]: 时间戳过期: 2026-03-19 16:23:05.968656
2026-03-20 08:31:05,974 - ingestion - ERROR - 解析模拟数据失败: 速度不能为负数
2026-03-20 08:31:05,974 - models - WARNING - 记录被标记为可疑 [sensor=SENSOR_009]: 时间戳过期: 2026-03-19 16:25:05.968656
2026-03-20 08:31:05,974 - models - WARNING - 记录被标记为可疑 [sensor=SENSOR_000]: 时间戳过期: 2026-03-19 16:26:05.968656
2026-03-20 08:31:05,976 - models - WARNING - 记录被标记为可疑 [sensor=SENSOR_001]: 时间戳过期: 2026-03-19 16:27:05.968656
2026-03-20 08:31:05,976 - models - WARNING - 记录被标记为可疑 [sensor=SENSOR_002]: 时间戳过期: 2026-03-19 16:28:05.968656
2026-03-20 08:31:05,976 - models - WARNING - 记录被标记为可疑 [sensor=SENSOR_003]: 时间戳过期: 2026-03-19 16:29:05.968656
2026-03-20 08:31:05,976 - models - WARNING - 记录被标记为可疑 [sensor=SENSOR_004]: 时间戳过期: 2026-03-19 16:30:05.968656
2026-03-20 08:31:05,976 - models - WARNING - 记录被标记为可疑 [sensor=SENSOR_005]: 时间戳过期: 2026-03-19 16:31:05.968656
2026-03-20 08:31:05,976 - models - WARNING - 记录被标记为可疑 [sensor=SENSOR_006]: 时间戳过期: 2026-03-19 16:32:05.968656
2026-03-20 08:31:05,976 - models - WARNING - 记录被标记为可疑 [sensor=SENSOR_007]: 时间戳过期: 2026-03-19 16:33:05.968656
2026-03-20 08:31:05,976 - models - WARNING - 记录被标记为可疑 [sensor=SENSOR_008]: 时间戳过期: 2026-03-19 16:34:05.968656
2026-03-20 08:31:05,977 - models - WARNING - 记录被标记为可疑 [sensor=SENSOR_009]: 时间戳过期: 2026-03-19 16:35:05.968656
2026-03-20 08:31:05,977 - models - WARNING - 记录被标记为可疑 [sensor=SENSOR_000]: 时间戳过期: 2026-03-19 16:36:05.968656
2026-03-20 08:31:05,977 - models - WARNING - 记录被标记为可疑 [sensor=SENSOR_001]: 时间戳过期: 2026-03-19 16:37:05.968656
2026-03-20 08:31:05,977 - models - WARNING - 记录被标记为可疑 [sensor=SENSOR_002]: 时间戳过期: 2026-03-19 16:38:05.968656
2026-03-20 08:31:05,977 - models - WARNING - 记录被标记为可疑 [sensor=SENSOR_003]: 时间戳过期: 2026-03-19 16:39:05.968656
2026-03-20 08:31:05,977 - models - WARNING - 记录被标记为可疑 [sensor=SENSOR_004]: 时间戳过期: 2026-03-19 16:40:05.968656
2026-03-20 08:31:05,977 - ingestion - ERROR - 解析模拟数据失败: 车辆数量不能为负数
2026-03-20 08:31:05,977 - models - WARNING - 记录被标记为可疑 [sensor=SENSOR_006]: 时间戳过期: 2026-03-19 16:42:05.968656
2026-03-20 08:31:05,977 - models - WARNING - 记录被标记为可疑 [sensor=SENSOR_007]: 时间戳过期: 2026-03-19 16:43:05.968656
2026-03-20 08:31:05,977 - models - WARNING - 记录被标记为可疑 [sensor=SENSOR_008]: 时间戳过期: 2026-03-19 16:44:05.968656
2026-03-20 08:31:05,977 - models - WARNING - 记录被标记为可疑 [sensor=SENSOR_009]: 时间戳过期: 2026-03-19 16:45:05.968656
2026-03-20 08:31:05,979 - models - WARNING - 记录被标记为可疑 [sensor=SENSOR_000]: 时间戳过期: 2026-03-19 16:46:05.968656
2026-03-20 08:31:05,979 - models - WARNING - 记录被标记为可疑 [sensor=SENSOR_001]: 时间戳过期: 2026-03-19 16:47:05.968656
2026-03-20 08:31:05,979 - models - WARNING - 记录被标记为可疑 [sensor=SENSOR_002]: 时间戳过期: 2026-03-19 16:48:05.968656
2026-03-20 08:31:05,979 - models - WARNING - 记录被标记为可疑 [sensor=SENSOR_003]: 时间戳过期: 2026-03-19 16:49:05.968656
2026-03-20 08:31:05,979 - models - WARNING - 记录被标记为可疑 [sensor=SENSOR_004]: 时间戳过期: 2026-03-19 16:50:05.968656
2026-03-20 08:31:05,979 - models - WARNING - 记录被标记为可疑 [sensor=SENSOR_005]: 时间戳过期: 2026-03-19 16:51:05.968656
2026-03-20 08:31:05,979 - models - WARNING - 记录被标记为可疑 [sensor=SENSOR_006]: 时间戳过期: 2026-03-19 16:52:05.968656
2026-03-20 08:31:05,981 - models - WARNING - 记录被标记为可疑 [sensor=SENSOR_007]: 时间戳过期: 2026-03-19 16:53:05.968656
2026-03-20 08:31:05,981 - models - WARNING - 记录被标记为可疑 [sensor=SENSOR_008]: 时间戳过期: 2026-03-19 16:54:05.968656
2026-03-20 08:31:05,981 - models - WARNING - 记录被标记为可疑 [sensor=SENSOR_009]: 时间戳过期: 2026-03-19 16:55:05.968656
2026-03-20 08:31:05,981 - models - WARNING - 记录被标记为可疑 [sensor=SENSOR_000]: 时间戳过期: 2026-03-19 16:56:05.968656
2026-03-20 08:31:05,981 - models - WARNING - 记录被标记为可疑 [sensor=SENSOR_001]: 时间戳过期: 2026-03-19 16:57:05.968656
2026-03-20 08:31:05,981 - models - WARNING - 记录被标记为可疑 [sensor=SENSOR_002]: 时间戳过期: 2026-03-19 16:58:05.968656
2026-03-20 08:31:05,981 - models - WARNING - 记录被标记为可疑 [sensor=SENSOR_003]: 时间戳过期: 2026-03-19 16:59:05.968656
2026-03-20 08:31:05,982 - models - WARNING - 记录被标记为可疑 [sensor=SENSOR_004]: 时间戳过期: 2026-03-19 17:00:05.968656
2026-03-20 08:31:05,982 - models - WARNING - 记录被标记为可疑 [sensor=SENSOR_005]: 时间戳过期: 2026-03-19 17:01:05.968656
2026-03-20 08:31:05,982 - models - WARNING - 记录被标记为可疑 [sensor=SENSOR_006]: 时间戳过期: 2026-03-19 17:02:05.968656
2026-03-20 08:31:05,982 - models - WARNING - 记录被标记为可疑 [sensor=SENSOR_007]: 时间戳过期: 2026-03-19 17:03:05.968656
2026-03-20 08:31:05,982 - models - WARNING - 记录被标记为可疑 [sensor=SENSOR_008]: 时间戳过期: 2026-03-19 17:04:05.968656
2026-03-20 08:31:05,982 - models - WARNING - 记录被标记为可疑 [sensor=SENSOR_009]: 时间戳过期: 2026-03-19 17:05:05.968656
2026-03-20 08:31:05,982 - models - WARNING - 记录被标记为可疑 [sensor=SENSOR_000]: 时间戳过期: 2026-03-19 17:06:05.968656
2026-03-20 08:31:05,982 - models - WARNING - 记录被标记为可疑 [sensor=SENSOR_001]: 时间戳过期: 2026-03-19 17:07:05.968656
2026-03-20 08:31:05,984 - models - WARNING - 记录被标记为可疑 [sensor=SENSOR_002]: 时间戳过期: 2026-03-19 17:08:05.968656
2026-03-20 08:31:05,984 - models - WARNING - 记录被标记为可疑 [sensor=SENSOR_003]: 时间戳过期: 2026-03-19 17:09:05.968656
2026-03-20 08:31:05,984 - models - WARNING - 记录被标记为可疑 [sensor=SENSOR_004]: 时间戳过期: 2026-03-19 17:10:05.968656
2026-03-20 08:31:05,984 - models - WARNING - 记录被标记为可疑 [sensor=SENSOR_005]: 时间戳过期: 2026-03-19 17:11:05.968656
2026-03-20 08:31:05,984 - models - WARNING - 记录被标记为可疑 [sensor=SENSOR_006]: 时间戳过期: 2026-03-19 17:12:05.968656
2026-03-20 08:31:05,984 - models - WARNING - 记录被标记为可疑 [sensor=SENSOR_007]: 时间戳过期: 2026-03-19 17:13:05.968656
2026-03-20 08:31:05,984 - models - WARNING - 记录被标记为可疑 [sensor=SENSOR_008]: 时间戳过期: 2026-03-19 17:14:05.968656
2026-03-20 08:31:05,984 - models - WARNING - 记录被标记为可疑 [sensor=SENSOR_009]: 时间戳过期: 2026-03-19 17:15:05.968656
2026-03-20 08:31:05,984 - models - WARNING - 记录被标记为可疑 [sensor=SENSOR_000]: 时间戳过期: 2026-03-19 17:16:05.968656
2026-03-20 08:31:05,984 - models - WARNING - 记录被标记为可疑 [sensor=SENSOR_001]: 时间戳过期: 2026-03-19 17:17:05.968656
2026-03-20 08:31:05,985 - models - WARNING - 记录被标记为可疑 [sensor=SENSOR_002]: 时间戳过期: 2026-03-19 17:18:05.968656
2026-03-20 08:31:05,985 - models - WARNING - 记录被标记为可疑 [sensor=SENSOR_003]: 时间戳过期: 2026-03-19 17:19:05.968656
2026-03-20 08:31:05,985 - models - WARNING - 记录被标记为可疑 [sensor=SENSOR_004]: 时间戳过期: 2026-03-19 17:20:05.968656
2026-03-20 08:31:05,985 - models - WARNING - 记录被标记为可疑 [sensor=SENSOR_005]: 时间戳过期: 2026-03-19 17:21:05.968656
2026-03-20 08:31:05,985 - models - WARNING - 记录被标记为可疑 [sensor=SENSOR_006]: 时间戳过期: 2026-03-19 17:22:05.968656
2026-03-20 08:31:05,985 - models - WARNING - 记录被标记为可疑 [sensor=SENSOR_007]: 时间戳过期: 2026-03-19 17:23:05.968656
2026-03-20 08:31:05,985 - models - WARNING - 记录被标记为可疑 [sensor=SENSOR_008]: 时间戳过期: 2026-03-19 17:24:05.968656
2026-03-20 08:31:05,985 - models - WARNING - 记录被标记为可疑 [sensor=SENSOR_009]: 时间戳过期: 2026-03-19 17:25:05.968656
2026-03-20 08:31:05,985 - models - WARNING - 记录被标记为可疑 [sensor=SENSOR_000]: 时间戳过期: 2026-03-19 17:26:05.968656
2026-03-20 08:31:05,985 - models - WARNING - 记录被标记为可疑 [sensor=SENSOR_001]: 时间戳过期: 2026-03-19 17:27:05.968656
2026-03-20 08:31:05,987 - models - WARNING - 记录被标记为可疑 [sensor=SENSOR_002]: 时间戳过期: 2026-03-19 17:28:05.968656
2026-03-20 08:31:05,987 - models - WARNING - 记录被标记为可疑 [sensor=SENSOR_003]: 时间戳过期: 2026-03-19 17:29:05.968656
2026-03-20 08:31:05,987 - ingestion - ERROR - 解析模拟数据失败: 车辆数量不能为负数
2026-03-20 08:31:05,987 - models - WARNING - 记录被标记为可疑 [sensor=SENSOR_005]: 时间戳过期: 2026-03-19 17:31:05.968656
2026-03-20 08:31:05,987 - models - WARNING - 记录被标记为可疑 [sensor=SENSOR_006]: 时间戳过期: 2026-03-19 17:32:05.968656
2026-03-20 08:31:05,987 - ingestion - ERROR - 解析模拟数据失败: 车辆数量不能为负数
2026-03-20 08:31:05,987 - models - WARNING - 记录被标记为可疑 [sensor=SENSOR_008]: 时间戳过期: 2026-03-19 17:34:05.968656
2026-03-20 08:31:05,987 - models - WARNING - 记录被标记为可疑 [sensor=SENSOR_009]: 时间戳过期: 2026-03-19 17:35:05.968656
2026-03-20 08:31:05,988 - models - WARNING - 记录被标记为可疑 [sensor=SENSOR_000]: 时间戳过期: 2026-03-19 17:36:05.968656
2026-03-20 08:31:05,988 - models - WARNING - 记录被标记为可疑 [sensor=SENSOR_001]: 时间戳过期: 2026-03-19 17:37:05.968656
2026-03-20 08:31:05,988 - models - WARNING - 记录被标记为可疑 [sensor=SENSOR_002]: 时间戳过期: 2026-03-19 17:38:05.968656
2026-03-20 08:31:05,988 - models - WARNING - 记录被标记为可疑 [sensor=SENSOR_003]: 时间戳过期: 2026-03-19 17:39:05.968656
2026-03-20 08:31:05,988 - ingestion - ERROR - 解析模拟数据失败: 速度不能为负数
2026-03-20 08:31:05,988 - models - WARNING - 记录被标记为可疑 [sensor=SENSOR_005]: 时间戳过期: 2026-03-19 17:41:05.968656
2026-03-20 08:31:05,988 - ingestion - ERROR - 解析模拟数据失败: 车辆数量不能为负数
2026-03-20 08:31:05,988 - models - WARNING - 记录被标记为可疑 [sensor=SENSOR_007]: 时间戳过期: 2026-03-19 17:43:05.968656
2026-03-20 08:31:05,988 - models - WARNING - 记录被标记为可疑 [sensor=SENSOR_008]: 时间戳过期: 2026-03-19 17:44:05.968656
2026-03-20 08:31:05,988 - models - WARNING - 记录被标记为可疑 [sensor=SENSOR_009]: 时间戳过期: 2026-03-19 17:45:05.968656
2026-03-20 08:31:05,988 - models - WARNING - 记录被标记为可疑 [sensor=SENSOR_000]: 时间戳过期: 2026-03-19 17:46:05.968656
2026-03-20 08:31:05,990 - models - WARNING - 记录被标记为可疑 [sensor=SENSOR_001]: 时间戳过期: 2026-03-19 17:47:05.968656
2026-03-20 08:31:05,990 - models - WARNING - 记录被标记为可疑 [sensor=SENSOR_002]: 时间戳过期: 2026-03-19 17:48:05.968656
2026-03-20 08:31:05,990 - models - WARNING - 记录被标记为可疑 [sensor=SENSOR_003]: 时间戳过期: 2026-03-19 17:49:05.968656
2026-03-20 08:31:05,990 - models - WARNING - 记录被标记为可疑 [sensor=SENSOR_004]: 时间戳过期: 2026-03-19 17:50:05.968656
2026-03-20 08:31:05,990 - models - WARNING - 记录被标记为可疑 [sensor=SENSOR_005]: 时间戳过期: 2026-03-19 17:51:05.968656
2026-03-20 08:31:05,990 - models - WARNING - 记录被标记为可疑 [sensor=SENSOR_006]: 时间戳过期: 2026-03-19 17:52:05.968656
2026-03-20 08:31:05,990 - models - WARNING - 记录被标记为可疑 [sensor=SENSOR_007]: 时间戳过期: 2026-03-19 17:53:05.968656
2026-03-20 08:31:05,990 - models - WARNING - 记录被标记为可疑 [sensor=SENSOR_008]: 时间戳过期: 2026-03-19 17:54:05.968656
2026-03-20 08:31:05,990 - models - WARNING - 记录被标记为可疑 [sensor=SENSOR_009]: 时间戳过期: 2026-03-19 17:55:05.968656
2026-03-20 08:31:05,990 - models - WARNING - 记录被标记为可疑 [sensor=SENSOR_000]: 时间戳过期: 2026-03-19 17:56:05.968656
2026-03-20 08:31:05,990 - models - WARNING - 记录被标记为可疑 [sensor=SENSOR_001]: 时间戳过期: 2026-03-19 17:57:05.968656
2026-03-20 08:31:05,991 - models - WARNING - 记录被标记为可疑 [sensor=SENSOR_002]: 时间戳过期: 2026-03-19 17:58:05.968656
2026-03-20 08:31:05,991 - models - WARNING - 记录被标记为可疑 [sensor=SENSOR_003]: 时间戳过期: 2026-03-19 17:59:05.968656
2026-03-20 08:31:05,991 - models - WARNING - 记录被标记为可疑 [sensor=SENSOR_004]: 时间戳过期: 2026-03-19 18:00:05.968656
2026-03-20 08:31:05,991 - models - WARNING - 记录被标记为可疑 [sensor=SENSOR_005]: 时间戳过期: 2026-03-19 18:01:05.968656
2026-03-20 08:31:05,991 - models - WARNING - 记录被标记为可疑 [sensor=SENSOR_006]: 时间戳过期: 2026-03-19 18:02:05.968656
2026-03-20 08:31:05,991 - models - WARNING - 记录被标记为可疑 [sensor=SENSOR_007]: 时间戳过期: 2026-03-19 18:03:05.968656
2026-03-20 08:31:05,992 - models - WARNING - 记录被标记为可疑 [sensor=SENSOR_008]: 时间戳过期: 2026-03-19 18:04:05.968656
2026-03-20 08:31:05,992 - models - WARNING - 记录被标记为可疑 [sensor=SENSOR_009]: 时间戳过期: 2026-03-19 18:05:05.968656
2026-03-20 08:31:05,992 - models - WARNING - 记录被标记为可疑 [sensor=SENSOR_000]: 时间戳过期: 2026-03-19 18:06:05.968656
2026-03-20 08:31:05,993 - models - WARNING - 记录被标记为可疑 [sensor=SENSOR_001]: 时间戳过期: 2026-03-19 18:07:05.968656
2026-03-20 08:31:05,993 - models - WARNING - 记录被标记为可疑 [sensor=SENSOR_002]: 时间戳过期: 2026-03-19 18:08:05.968656
2026-03-20 08:31:05,993 - models - WARNING - 记录被标记为可疑 [sensor=SENSOR_003]: 时间戳过期: 2026-03-19 18:09:05.968656
2026-03-20 08:31:05,993 - models - WARNING - 记录被标记为可疑 [sensor=SENSOR_004]: 时间戳过期: 2026-03-19 18:10:05.968656
2026-03-20 08:31:05,993 - models - WARNING - 记录被标记为可疑 [sensor=SENSOR_005]: 时间戳过期: 2026-03-19 18:11:05.968656
2026-03-20 08:31:05,993 - models - WARNING - 记录被标记为可疑 [sensor=SENSOR_006]: 时间戳过期: 2026-03-19 18:12:05.968656
2026-03-20 08:31:05,993 - models - WARNING - 记录被标记为可疑 [sensor=SENSOR_007]: 时间戳过期: 2026-03-19 18:13:05.968656
2026-03-20 08:31:05,993 - models - WARNING - 记录被标记为可疑 [sensor=SENSOR_008]: 时间戳过期: 2026-03-19 18:14:05.968656
2026-03-20 08:31:05,993 - models - WARNING - 记录被标记为可疑 [sensor=SENSOR_009]: 时间戳过期: 2026-03-19 18:15:05.968656
2026-03-20 08:31:05,995 - models - WARNING - 记录被标记为可疑 [sensor=SENSOR_000]: 时间戳过期: 2026-03-19 18:16:05.968656
2026-03-20 08:31:05,995 - models - WARNING - 记录被标记为可疑 [sensor=SENSOR_001]: 时间戳过期: 2026-03-19 18:17:05.968656
2026-03-20 08:31:05,995 - models - WARNING - 记录被标记为可疑 [sensor=SENSOR_002]: 时间戳过期: 2026-03-19 18:18:05.968656
2026-03-20 08:31:05,995 - models - WARNING - 记录被标记为可疑 [sensor=SENSOR_003]: 时间戳过期: 2026-03-19 18:19:05.968656
2026-03-20 08:31:05,995 - models - WARNING - 记录被标记为可疑 [sensor=SENSOR_004]: 时间戳过期: 2026-03-19 18:20:05.968656
2026-03-20 08:31:05,995 - models - WARNING - 记录被标记为可疑 [sensor=SENSOR_005]: 时间戳过期: 2026-03-19 18:21:05.968656
2026-03-20 08:31:05,995 - models - WARNING - 记录被标记为可疑 [sensor=SENSOR_006]: 时间戳过期: 2026-03-19 18:22:05.968656
2026-03-20 08:31:05,995 - models - WARNING - 记录被标记为可疑 [sensor=SENSOR_007]: 时间戳过期: 2026-03-19 18:23:05.968656
2026-03-20 08:31:05,996 - ingestion - ERROR - 解析模拟数据失败: 车辆数量不能为负数
2026-03-20 08:31:05,996 - models - WARNING - 记录被标记为可疑 [sensor=SENSOR_009]: 时间戳过期: 2026-03-19 18:25:05.968656
2026-03-20 08:31:05,996 - ingestion - ERROR - 解析模拟数据失败: 车辆数量不能为负数
2026-03-20 08:31:05,996 - models - WARNING - 记录被标记为可疑 [sensor=SENSOR_001]: 时间戳过期: 2026-03-19 18:27:05.968656
2026-03-20 08:31:05,996 - ingestion - ERROR - 解析模拟数据失败: 速度异常，超过200km/h
2026-03-20 08:31:05,996 - models - WARNING - 记录被标记为可疑 [sensor=SENSOR_003]: 时间戳过期: 2026-03-19 18:29:05.968656
2026-03-20 08:31:05,996 - models - WARNING - 记录被标记为可疑 [sensor=SENSOR_004]: 时间戳过期: 2026-03-19 18:30:05.968656
2026-03-20 08:31:05,996 - models - WARNING - 记录被标记为可疑 [sensor=SENSOR_005]: 时间戳过期: 2026-03-19 18:31:05.968656
2026-03-20 08:31:05,996 - models - WARNING - 记录被标记为可疑 [sensor=SENSOR_006]: 时间戳过期: 2026-03-19 18:32:05.968656
2026-03-20 08:31:05,996 - models - WARNING - 记录被标记为可疑 [sensor=SENSOR_007]: 时间戳过期: 2026-03-19 18:33:05.968656
2026-03-20 08:31:05,997 - models - WARNING - 记录被标记为可疑 [sensor=SENSOR_008]: 时间戳过期: 2026-03-19 18:34:05.968656
2026-03-20 08:31:05,997 - models - WARNING - 记录被标记为可疑 [sensor=SENSOR_009]: 时间戳过期: 2026-03-19 18:35:05.968656
2026-03-20 08:31:05,997 - models - WARNING - 记录被标记为可疑 [sensor=SENSOR_000]: 时间戳过期: 2026-03-19 18:36:05.968656
2026-03-20 08:31:05,997 - models - WARNING - 记录被标记为可疑 [sensor=SENSOR_001]: 时间戳过期: 2026-03-19 18:37:05.968656
2026-03-20 08:31:05,997 - models - WARNING - 记录被标记为可疑 [sensor=SENSOR_002]: 时间戳过期: 2026-03-19 18:38:05.968656
2026-03-20 08:31:05,997 - models - WARNING - 记录被标记为可疑 [sensor=SENSOR_003]: 时间戳过期: 2026-03-19 18:39:05.968656
2026-03-20 08:31:05,997 - models - WARNING - 记录被标记为可疑 [sensor=SENSOR_004]: 时间戳过期: 2026-03-19 18:40:05.968656
2026-03-20 08:31:05,999 - models - WARNING - 记录被标记为可疑 [sensor=SENSOR_005]: 时间戳过期: 2026-03-19 18:41:05.968656
2026-03-20 08:31:05,999 - models - WARNING - 记录被标记为可疑 [sensor=SENSOR_006]: 时间戳过期: 2026-03-19 18:42:05.968656
2026-03-20 08:31:05,999 - models - WARNING - 记录被标记为可疑 [sensor=SENSOR_007]: 时间戳过期: 2026-03-19 18:43:05.968656
2026-03-20 08:31:05,999 - models - WARNING - 记录被标记为可疑 [sensor=SENSOR_008]: 时间戳过期: 2026-03-19 18:44:05.968656
2026-03-20 08:31:05,999 - models - WARNING - 记录被标记为可疑 [sensor=SENSOR_009]: 时间戳过期: 2026-03-19 18:45:05.968656
2026-03-20 08:31:05,999 - ingestion - ERROR - 解析模拟数据失败: 速度异常，超过200km/h
2026-03-20 08:31:05,999 - models - WARNING - 记录被标记为可疑 [sensor=SENSOR_001]: 时间戳过期: 2026-03-19 18:47:05.968656
2026-03-20 08:31:05,999 - models - WARNING - 记录被标记为可疑 [sensor=SENSOR_002]: 时间戳过期: 2026-03-19 18:48:05.968656
2026-03-20 08:31:05,999 - models - WARNING - 记录被标记为可疑 [sensor=SENSOR_003]: 时间戳过期: 2026-03-19 18:49:05.968656
2026-03-20 08:31:05,999 - ingestion - ERROR - 解析模拟数据失败: 车辆数量不能为负数
2026-03-20 08:31:06,000 - models - WARNING - 记录被标记为可疑 [sensor=SENSOR_005]: 时间戳过期: 2026-03-19 18:51:05.968656
2026-03-20 08:31:06,000 - models - WARNING - 记录被标记为可疑 [sensor=SENSOR_006]: 时间戳过期: 2026-03-19 18:52:05.968656
2026-03-20 08:31:06,000 - models - WARNING - 记录被标记为可疑 [sensor=SENSOR_007]: 时间戳过期: 2026-03-19 18:53:05.968656
2026-03-20 08:31:06,000 - models - WARNING - 记录被标记为可疑 [sensor=SENSOR_008]: 时间戳过期: 2026-03-19 18:54:05.968656
2026-03-20 08:31:06,000 - ingestion - ERROR - 解析模拟数据失败: 车辆数量不能为负数
2026-03-20 08:31:06,000 - models - WARNING - 记录被标记为可疑 [sensor=SENSOR_000]: 时间戳过期: 2026-03-19 18:56:05.968656
2026-03-20 08:31:06,000 - models - WARNING - 记录被标记为可疑 [sensor=SENSOR_001]: 时间戳过期: 2026-03-19 18:57:05.968656
2026-03-20 08:31:06,000 - models - WARNING - 记录被标记为可疑 [sensor=SENSOR_002]: 时间戳过期: 2026-03-19 18:58:05.968656
2026-03-20 08:31:06,002 - models - WARNING - 记录被标记为可疑 [sensor=SENSOR_003]: 时间戳过期: 2026-03-19 18:59:05.968656
2026-03-20 08:31:06,002 - models - WARNING - 记录被标记为可疑 [sensor=SENSOR_004]: 时间戳过期: 2026-03-19 19:00:05.968656
2026-03-20 08:31:06,002 - models - WARNING - 记录被标记为可疑 [sensor=SENSOR_005]: 时间戳过期: 2026-03-19 19:01:05.968656
2026-03-20 08:31:06,002 - models - WARNING - 记录被标记为可疑 [sensor=SENSOR_006]: 时间戳过期: 2026-03-19 19:02:05.968656
2026-03-20 08:31:06,002 - models - WARNING - 记录被标记为可疑 [sensor=SENSOR_007]: 时间戳过期: 2026-03-19 19:03:05.968656
2026-03-20 08:31:06,002 - models - WARNING - 记录被标记为可疑 [sensor=SENSOR_008]: 时间戳过期: 2026-03-19 19:04:05.968656
2026-03-20 08:31:06,002 - models - WARNING - 记录被标记为可疑 [sensor=SENSOR_009]: 时间戳过期: 2026-03-19 19:05:05.968656
2026-03-20 08:31:06,002 - models - WARNING - 记录被标记为可疑 [sensor=SENSOR_000]: 时间戳过期: 2026-03-19 19:06:05.968656
2026-03-20 08:31:06,002 - models - WARNING - 记录被标记为可疑 [sensor=SENSOR_001]: 时间戳过期: 2026-03-19 19:07:05.968656
2026-03-20 08:31:06,002 - models - WARNING - 记录被标记为可疑 [sensor=SENSOR_002]: 时间戳过期: 2026-03-19 19:08:05.968656
2026-03-20 08:31:06,002 - models - WARNING - 记录被标记为可疑 [sensor=SENSOR_003]: 时间戳过期: 2026-03-19 19:09:05.968656
2026-03-20 08:31:06,002 - models - WARNING - 记录被标记为可疑 [sensor=SENSOR_004]: 时间戳过期: 2026-03-19 19:10:05.968656
2026-03-20 08:31:06,003 - models - WARNING - 记录被标记为可疑 [sensor=SENSOR_005]: 时间戳过期: 2026-03-19 19:11:05.968656
2026-03-20 08:31:06,003 - models - WARNING - 记录被标记为可疑 [sensor=SENSOR_006]: 时间戳过期: 2026-03-19 19:12:05.968656
2026-03-20 08:31:06,003 - models - WARNING - 记录被标记为可疑 [sensor=SENSOR_007]: 时间戳过期: 2026-03-19 19:13:05.968656
2026-03-20 08:31:06,003 - models - WARNING - 记录被标记为可疑 [sensor=SENSOR_008]: 时间戳过期: 2026-03-19 19:14:05.968656
2026-03-20 08:31:06,003 - models - WARNING - 记录被标记为可疑 [sensor=SENSOR_009]: 时间戳过期: 2026-03-19 19:15:05.968656
2026-03-20 08:31:06,003 - models - WARNING - 记录被标记为可疑 [sensor=SENSOR_000]: 时间戳过期: 2026-03-19 19:16:05.968656
2026-03-20 08:31:06,003 - models - WARNING - 记录被标记为可疑 [sensor=SENSOR_001]: 时间戳过期: 2026-03-19 19:17:05.968656
2026-03-20 08:31:06,005 - models - WARNING - 记录被标记为可疑 [sensor=SENSOR_002]: 时间戳过期: 2026-03-19 19:18:05.968656
2026-03-20 08:31:06,005 - ingestion - ERROR - 解析模拟数据失败: 车辆数量不能为负数
2026-03-20 08:31:06,005 - models - WARNING - 记录被标记为可疑 [sensor=SENSOR_004]: 时间戳过期: 2026-03-19 19:20:05.968656
2026-03-20 08:31:06,005 - models - WARNING - 记录被标记为可疑 [sensor=SENSOR_005]: 时间戳过期: 2026-03-19 19:21:05.968656
2026-03-20 08:31:06,005 - models - WARNING - 记录被标记为可疑 [sensor=SENSOR_006]: 时间戳过期: 2026-03-19 19:22:05.968656
2026-03-20 08:31:06,005 - models - WARNING - 记录被标记为可疑 [sensor=SENSOR_007]: 时间戳过期: 2026-03-19 19:23:05.968656
2026-03-20 08:31:06,005 - models - WARNING - 记录被标记为可疑 [sensor=SENSOR_008]: 时间戳过期: 2026-03-19 19:24:05.968656
2026-03-20 08:31:06,005 - models - WARNING - 记录被标记为可疑 [sensor=SENSOR_009]: 时间戳过期: 2026-03-19 19:25:05.968656
2026-03-20 08:31:06,006 - models - WARNING - 记录被标记为可疑 [sensor=SENSOR_000]: 时间戳过期: 2026-03-19 19:26:05.968656
2026-03-20 08:31:06,006 - models - WARNING - 记录被标记为可疑 [sensor=SENSOR_001]: 时间戳过期: 2026-03-19 19:27:05.968656
2026-03-20 08:31:06,006 - ingestion - ERROR - 解析模拟数据失败: 速度异常，超过200km/h
2026-03-20 08:31:06,006 - models - WARNING - 记录被标记为可疑 [sensor=SENSOR_003]: 时间戳过期: 2026-03-19 19:29:05.968656
2026-03-20 08:31:06,006 - models - WARNING - 记录被标记为可疑 [sensor=SENSOR_004]: 时间戳过期: 2026-03-19 19:30:05.968656
2026-03-20 08:31:06,006 - models - WARNING - 记录被标记为可疑 [sensor=SENSOR_005]: 时间戳过期: 2026-03-19 19:31:05.968656
2026-03-20 08:31:06,006 - models - WARNING - 记录被标记为可疑 [sensor=SENSOR_006]: 时间戳过期: 2026-03-19 19:32:05.968656
2026-03-20 08:31:06,006 - models - WARNING - 记录被标记为可疑 [sensor=SENSOR_007]: 时间戳过期: 2026-03-19 19:33:05.968656
2026-03-20 08:31:06,006 - models - WARNING - 记录被标记为可疑 [sensor=SENSOR_008]: 时间戳过期: 2026-03-19 19:34:05.968656
2026-03-20 08:31:06,006 - models - WARNING - 记录被标记为可疑 [sensor=SENSOR_009]: 时间戳过期: 2026-03-19 19:35:05.968656
2026-03-20 08:31:06,008 - models - WARNING - 记录被标记为可疑 [sensor=SENSOR_000]: 时间戳过期: 2026-03-19 19:36:05.968656
2026-03-20 08:31:06,008 - models - WARNING - 记录被标记为可疑 [sensor=SENSOR_001]: 时间戳过期: 2026-03-19 19:37:05.968656
2026-03-20 08:31:06,008 - models - WARNING - 记录被标记为可疑 [sensor=SENSOR_002]: 时间戳过期: 2026-03-19 19:38:05.968656
2026-03-20 08:31:06,008 - models - WARNING - 记录被标记为可疑 [sensor=SENSOR_003]: 时间戳过期: 2026-03-19 19:39:05.968656
2026-03-20 08:31:06,008 - models - WARNING - 记录被标记为可疑 [sensor=SENSOR_004]: 时间戳过期: 2026-03-19 19:40:05.968656
2026-03-20 08:31:06,008 - models - WARNING - 记录被标记为可疑 [sensor=SENSOR_005]: 时间戳过期: 2026-03-19 19:41:05.968656
2026-03-20 08:31:06,008 - models - WARNING - 记录被标记为可疑 [sensor=SENSOR_006]: 时间戳过期: 2026-03-19 19:42:05.968656
2026-03-20 08:31:06,008 - models - WARNING - 记录被标记为可疑 [sensor=SENSOR_007]: 时间戳过期: 2026-03-19 19:43:05.968656
2026-03-20 08:31:06,008 - models - WARNING - 记录被标记为可疑 [sensor=SENSOR_008]: 时间戳过期: 2026-03-19 19:44:05.968656
2026-03-20 08:31:06,009 - models - WARNING - 记录被标记为可疑 [sensor=SENSOR_009]: 时间戳过期: 2026-03-19 19:45:05.968656
2026-03-20 08:31:06,009 - models - WARNING - 记录被标记为可疑 [sensor=SENSOR_000]: 时间戳过期: 2026-03-19 19:46:05.968656
2026-03-20 08:31:06,010 - models - WARNING - 记录被标记为可疑 [sensor=SENSOR_001]: 时间戳过期: 2026-03-19 19:47:05.968656
2026-03-20 08:31:06,010 - models - WARNING - 记录被标记为可疑 [sensor=SENSOR_002]: 时间戳过期: 2026-03-19 19:48:05.968656
2026-03-20 08:31:06,010 - models - WARNING - 记录被标记为可疑 [sensor=SENSOR_003]: 时间戳过期: 2026-03-19 19:49:05.968656
2026-03-20 08:31:06,010 - models - WARNING - 记录被标记为可疑 [sensor=SENSOR_004]: 时间戳过期: 2026-03-19 19:50:05.968656
2026-03-20 08:31:06,011 - models - WARNING - 记录被标记为可疑 [sensor=SENSOR_005]: 时间戳过期: 2026-03-19 19:51:05.968656
2026-03-20 08:31:06,011 - models - WARNING - 记录被标记为可疑 [sensor=SENSOR_006]: 时间戳过期: 2026-03-19 19:52:05.968656
2026-03-20 08:31:06,011 - models - WARNING - 记录被标记为可疑 [sensor=SENSOR_007]: 时间戳过期: 2026-03-19 19:53:05.968656
2026-03-20 08:31:06,011 - models - WARNING - 记录被标记为可疑 [sensor=SENSOR_008]: 时间戳过期: 2026-03-19 19:54:05.968656
2026-03-20 08:31:06,011 - models - WARNING - 记录被标记为可疑 [sensor=SENSOR_009]: 时间戳过期: 2026-03-19 19:55:05.968656
2026-03-20 08:31:06,011 - models - WARNING - 记录被标记为可疑 [sensor=SENSOR_000]: 时间戳过期: 2026-03-19 19:56:05.968656
2026-03-20 08:31:06,011 - models - WARNING - 记录被标记为可疑 [sensor=SENSOR_001]: 时间戳过期: 2026-03-19 19:57:05.968656
2026-03-20 08:31:06,011 - models - WARNING - 记录被标记为可疑 [sensor=SENSOR_002]: 时间戳过期: 2026-03-19 19:58:05.968656
2026-03-20 08:31:06,011 - models - WARNING - 记录被标记为可疑 [sensor=SENSOR_003]: 时间戳过期: 2026-03-19 19:59:05.968656
2026-03-20 08:31:06,012 - models - WARNING - 记录被标记为可疑 [sensor=SENSOR_004]: 时间戳过期: 2026-03-19 20:00:05.968656
2026-03-20 08:31:06,012 - models - WARNING - 记录被标记为可疑 [sensor=SENSOR_005]: 时间戳过期: 2026-03-19 20:01:05.968656
2026-03-20 08:31:06,012 - models - WARNING - 记录被标记为可疑 [sensor=SENSOR_006]: 时间戳过期: 2026-03-19 20:02:05.968656
2026-03-20 08:31:06,012 - models - WARNING - 记录被标记为可疑 [sensor=SENSOR_007]: 时间戳过期: 2026-03-19 20:03:05.968656
2026-03-20 08:31:06,012 - models - WARNING - 记录被标记为可疑 [sensor=SENSOR_008]: 时间戳过期: 2026-03-19 20:04:05.968656
2026-03-20 08:31:06,012 - models - WARNING - 记录被标记为可疑 [sensor=SENSOR_009]: 时间戳过期: 2026-03-19 20:05:05.968656
2026-03-20 08:31:06,012 - models - WARNING - 记录被标记为可疑 [sensor=SENSOR_000]: 时间戳过期: 2026-03-19 20:06:05.968656
2026-03-20 08:31:06,012 - models - WARNING - 记录被标记为可疑 [sensor=SENSOR_001]: 时间戳过期: 2026-03-19 20:07:05.968656
2026-03-20 08:31:06,012 - models - WARNING - 记录被标记为可疑 [sensor=SENSOR_002]: 时间戳过期: 2026-03-19 20:08:05.968656
2026-03-20 08:31:06,014 - models - WARNING - 记录被标记为可疑 [sensor=SENSOR_003]: 时间戳过期: 2026-03-19 20:09:05.968656
2026-03-20 08:31:06,014 - models - WARNING - 记录被标记为可疑 [sensor=SENSOR_004]: 时间戳过期: 2026-03-19 20:10:05.968656
2026-03-20 08:31:06,014 - ingestion - ERROR - 解析模拟数据失败: 车辆数量不能为负数
2026-03-20 08:31:06,014 - models - WARNING - 记录被标记为可疑 [sensor=SENSOR_006]: 时间戳过期: 2026-03-19 20:12:05.968656
2026-03-20 08:31:06,014 - models - WARNING - 记录被标记为可疑 [sensor=SENSOR_007]: 时间戳过期: 2026-03-19 20:13:05.968656
2026-03-20 08:31:06,014 - models - WARNING - 记录被标记为可疑 [sensor=SENSOR_008]: 时间戳过期: 2026-03-19 20:14:05.968656
2026-03-20 08:31:06,014 - models - WARNING - 记录被标记为可疑 [sensor=SENSOR_009]: 时间戳过期: 2026-03-19 20:15:05.968656
2026-03-20 08:31:06,014 - models - WARNING - 记录被标记为可疑 [sensor=SENSOR_000]: 时间戳过期: 2026-03-19 20:16:05.968656
2026-03-20 08:31:06,014 - models - WARNING - 记录被标记为可疑 [sensor=SENSOR_001]: 时间戳过期: 2026-03-19 20:17:05.968656
2026-03-20 08:31:06,014 - models - WARNING - 记录被标记为可疑 [sensor=SENSOR_002]: 时间戳过期: 2026-03-19 20:18:05.968656
2026-03-20 08:31:06,015 - models - WARNING - 记录被标记为可疑 [sensor=SENSOR_003]: 时间戳过期: 2026-03-19 20:19:05.968656
2026-03-20 08:31:06,015 - models - WARNING - 记录被标记为可疑 [sensor=SENSOR_004]: 时间戳过期: 2026-03-19 20:20:05.968656
2026-03-20 08:31:06,015 - models - WARNING - 记录被标记为可疑 [sensor=SENSOR_005]: 时间戳过期: 2026-03-19 20:21:05.968656
2026-03-20 08:31:06,015 - models - WARNING - 记录被标记为可疑 [sensor=SENSOR_006]: 时间戳过期: 2026-03-19 20:22:05.968656
2026-03-20 08:31:06,015 - models - WARNING - 记录被标记为可疑 [sensor=SENSOR_007]: 时间戳过期: 2026-03-19 20:23:05.968656
2026-03-20 08:31:06,015 - models - WARNING - 记录被标记为可疑 [sensor=SENSOR_008]: 时间戳过期: 2026-03-19 20:24:05.968656
2026-03-20 08:31:06,015 - models - WARNING - 记录被标记为可疑 [sensor=SENSOR_009]: 时间戳过期: 2026-03-19 20:25:05.968656
2026-03-20 08:31:06,015 - models - WARNING - 记录被标记为可疑 [sensor=SENSOR_000]: 时间戳过期: 2026-03-19 20:26:05.968656
2026-03-20 08:31:06,015 - models - WARNING - 记录被标记为可疑 [sensor=SENSOR_001]: 时间戳过期: 2026-03-19 20:27:05.968656
2026-03-20 08:31:06,015 - models - WARNING - 记录被标记为可疑 [sensor=SENSOR_002]: 时间戳过期: 2026-03-19 20:28:05.968656
2026-03-20 08:31:06,015 - models - WARNING - 记录被标记为可疑 [sensor=SENSOR_003]: 时间戳过期: 2026-03-19 20:29:05.968656
2026-03-20 08:31:06,017 - models - WARNING - 记录被标记为可疑 [sensor=SENSOR_004]: 时间戳过期: 2026-03-19 20:30:05.968656
2026-03-20 08:31:06,017 - models - WARNING - 记录被标记为可疑 [sensor=SENSOR_005]: 时间戳过期: 2026-03-19 20:31:05.968656
2026-03-20 08:31:06,017 - models - WARNING - 记录被标记为可疑 [sensor=SENSOR_006]: 时间戳过期: 2026-03-19 20:32:05.968656
2026-03-20 08:31:06,017 - models - WARNING - 记录被标记为可疑 [sensor=SENSOR_007]: 时间戳过期: 2026-03-19 20:33:05.968656
2026-03-20 08:31:06,017 - models - WARNING - 记录被标记为可疑 [sensor=SENSOR_008]: 时间戳过期: 2026-03-19 20:34:05.968656
2026-03-20 08:31:06,017 - models - WARNING - 记录被标记为可疑 [sensor=SENSOR_009]: 时间戳过期: 2026-03-19 20:35:05.968656
2026-03-20 08:31:06,017 - models - WARNING - 记录被标记为可疑 [sensor=SENSOR_000]: 时间戳过期: 2026-03-19 20:36:05.968656
2026-03-20 08:31:06,017 - models - WARNING - 记录被标记为可疑 [sensor=SENSOR_001]: 时间戳过期: 2026-03-19 20:37:05.968656
2026-03-20 08:31:06,017 - models - WARNING - 记录被标记为可疑 [sensor=SENSOR_002]: 时间戳过期: 2026-03-19 20:38:05.968656
2026-03-20 08:31:06,018 - models - WARNING - 记录被标记为可疑 [sensor=SENSOR_003]: 时间戳过期: 2026-03-19 20:39:05.968656
2026-03-20 08:31:06,020 - models - WARNING - 记录被标记为可疑 [sensor=SENSOR_004]: 时间戳过期: 2026-03-19 20:40:05.968656
2026-03-20 08:31:06,020 - models - WARNING - 记录被标记为可疑 [sensor=SENSOR_005]: 时间戳过期: 2026-03-19 20:41:05.968656
2026-03-20 08:31:06,020 - models - WARNING - 记录被标记为可疑 [sensor=SENSOR_006]: 时间戳过期: 2026-03-19 20:42:05.968656
2026-03-20 08:31:06,020 - models - WARNING - 记录被标记为可疑 [sensor=SENSOR_007]: 时间戳过期: 2026-03-19 20:43:05.968656
2026-03-20 08:31:06,020 - models - WARNING - 记录被标记为可疑 [sensor=SENSOR_008]: 时间戳过期: 2026-03-19 20:44:05.968656
2026-03-20 08:31:06,020 - models - WARNING - 记录被标记为可疑 [sensor=SENSOR_009]: 时间戳过期: 2026-03-19 20:45:05.968656
2026-03-20 08:31:06,021 - ingestion - ERROR - 解析模拟数据失败: 车辆数量不能为负数
2026-03-20 08:31:06,021 - models - WARNING - 记录被标记为可疑 [sensor=SENSOR_001]: 时间戳过期: 2026-03-19 20:47:05.968656
2026-03-20 08:31:06,021 - models - WARNING - 记录被标记为可疑 [sensor=SENSOR_002]: 时间戳过期: 2026-03-19 20:48:05.968656
2026-03-20 08:31:06,021 - models - WARNING - 记录被标记为可疑 [sensor=SENSOR_003]: 时间戳过期: 2026-03-19 20:49:05.968656
2026-03-20 08:31:06,021 - models - WARNING - 记录被标记为可疑 [sensor=SENSOR_004]: 时间戳过期: 2026-03-19 20:50:05.968656
2026-03-20 08:31:06,021 - models - WARNING - 记录被标记为可疑 [sensor=SENSOR_005]: 时间戳过期: 2026-03-19 20:51:05.968656
2026-03-20 08:31:06,021 - models - WARNING - 记录被标记为可疑 [sensor=SENSOR_006]: 时间戳过期: 2026-03-19 20:52:05.968656
2026-03-20 08:31:06,023 - models - WARNING - 记录被标记为可疑 [sensor=SENSOR_007]: 时间戳过期: 2026-03-19 20:53:05.968656
2026-03-20 08:31:06,023 - models - WARNING - 记录被标记为可疑 [sensor=SENSOR_008]: 时间戳过期: 2026-03-19 20:54:05.968656
2026-03-20 08:31:06,023 - models - WARNING - 记录被标记为可疑 [sensor=SENSOR_009]: 时间戳过期: 2026-03-19 20:55:05.968656
2026-03-20 08:31:06,023 - models - WARNING - 记录被标记为可疑 [sensor=SENSOR_000]: 时间戳过期: 2026-03-19 20:56:05.968656
2026-03-20 08:31:06,023 - ingestion - ERROR - 解析模拟数据失败: 速度不能为负数
2026-03-20 08:31:06,023 - models - WARNING - 记录被标记为可疑 [sensor=SENSOR_002]: 时间戳过期: 2026-03-19 20:58:05.968656
2026-03-20 08:31:06,023 - models - WARNING - 记录被标记为可疑 [sensor=SENSOR_003]: 时间戳过期: 2026-03-19 20:59:05.968656
2026-03-20 08:31:06,023 - models - WARNING - 记录被标记为可疑 [sensor=SENSOR_004]: 时间戳过期: 2026-03-19 21:00:05.968656
2026-03-20 08:31:06,024 - models - WARNING - 记录被标记为可疑 [sensor=SENSOR_005]: 时间戳过期: 2026-03-19 21:01:05.968656
2026-03-20 08:31:06,024 - ingestion - ERROR - 解析模拟数据失败: 车辆数量不能为负数
2026-03-20 08:31:06,024 - models - WARNING - 记录被标记为可疑 [sensor=SENSOR_007]: 时间戳过期: 2026-03-19 21:03:05.968656
2026-03-20 08:31:06,024 - models - WARNING - 记录被标记为可疑 [sensor=SENSOR_008]: 时间戳过期: 2026-03-19 21:04:05.968656
2026-03-20 08:31:06,024 - models - WARNING - 记录被标记为可疑 [sensor=SENSOR_009]: 时间戳过期: 2026-03-19 21:05:05.968656
2026-03-20 08:31:06,024 - models - WARNING - 记录被标记为可疑 [sensor=SENSOR_000]: 时间戳过期: 2026-03-19 21:06:05.968656
2026-03-20 08:31:06,024 - models - WARNING - 记录被标记为可疑 [sensor=SENSOR_001]: 时间戳过期: 2026-03-19 21:07:05.968656
2026-03-20 08:31:06,024 - models - WARNING - 记录被标记为可疑 [sensor=SENSOR_002]: 时间戳过期: 2026-03-19 21:08:05.968656
2026-03-20 08:31:06,024 - models - WARNING - 记录被标记为可疑 [sensor=SENSOR_003]: 时间戳过期: 2026-03-19 21:09:05.968656
2026-03-20 08:31:06,024 - models - WARNING - 记录被标记为可疑 [sensor=SENSOR_004]: 时间戳过期: 2026-03-19 21:10:05.968656
2026-03-20 08:31:06,024 - models - WARNING - 记录被标记为可疑 [sensor=SENSOR_005]: 时间戳过期: 2026-03-19 21:11:05.968656
2026-03-20 08:31:06,024 - models - WARNING - 记录被标记为可疑 [sensor=SENSOR_006]: 时间戳过期: 2026-03-19 21:12:05.968656
2026-03-20 08:31:06,025 - models - WARNING - 记录被标记为可疑 [sensor=SENSOR_007]: 时间戳过期: 2026-03-19 21:13:05.968656
2026-03-20 08:31:06,025 - models - WARNING - 记录被标记为可疑 [sensor=SENSOR_008]: 时间戳过期: 2026-03-19 21:14:05.968656
2026-03-20 08:31:06,025 - models - WARNING - 记录被标记为可疑 [sensor=SENSOR_009]: 时间戳过期: 2026-03-19 21:15:05.968656
2026-03-20 08:31:06,025 - models - WARNING - 记录被标记为可疑 [sensor=SENSOR_000]: 时间戳过期: 2026-03-19 21:16:05.968656
2026-03-20 08:31:06,025 - models - WARNING - 记录被标记为可疑 [sensor=SENSOR_001]: 时间戳过期: 2026-03-19 21:17:05.968656
2026-03-20 08:31:06,025 - models - WARNING - 记录被标记为可疑 [sensor=SENSOR_002]: 时间戳过期: 2026-03-19 21:18:05.968656
2026-03-20 08:31:06,025 - models - WARNING - 记录被标记为可疑 [sensor=SENSOR_003]: 时间戳过期: 2026-03-19 21:19:05.968656
2026-03-20 08:31:06,025 - models - WARNING - 记录被标记为可疑 [sensor=SENSOR_004]: 时间戳过期: 2026-03-19 21:20:05.968656
2026-03-20 08:31:06,025 - models - WARNING - 记录被标记为可疑 [sensor=SENSOR_005]: 时间戳过期: 2026-03-19 21:21:05.968656
2026-03-20 08:31:06,025 - models - WARNING - 记录被标记为可疑 [sensor=SENSOR_006]: 时间戳过期: 2026-03-19 21:22:05.968656
2026-03-20 08:31:06,027 - models - WARNING - 记录被标记为可疑 [sensor=SENSOR_007]: 时间戳过期: 2026-03-19 21:23:05.968656
2026-03-20 08:31:06,027 - models - WARNING - 记录被标记为可疑 [sensor=SENSOR_008]: 时间戳过期: 2026-03-19 21:24:05.968656
2026-03-20 08:31:06,027 - models - WARNING - 记录被标记为可疑 [sensor=SENSOR_009]: 时间戳过期: 2026-03-19 21:25:05.968656
2026-03-20 08:31:06,027 - ingestion - ERROR - 解析模拟数据失败: 车辆数量不能为负数
2026-03-20 08:31:06,027 - models - WARNING - 记录被标记为可疑 [sensor=SENSOR_001]: 时间戳过期: 2026-03-19 21:27:05.968656
2026-03-20 08:31:06,027 - models - WARNING - 记录被标记为可疑 [sensor=SENSOR_002]: 时间戳过期: 2026-03-19 21:28:05.968656
2026-03-20 08:31:06,027 - models - WARNING - 记录被标记为可疑 [sensor=SENSOR_003]: 时间戳过期: 2026-03-19 21:29:05.968656
2026-03-20 08:31:06,027 - ingestion - ERROR - 解析模拟数据失败: 车辆数量不能为负数
2026-03-20 08:31:06,027 - models - WARNING - 记录被标记为可疑 [sensor=SENSOR_005]: 时间戳过期: 2026-03-19 21:31:05.968656
2026-03-20 08:31:06,029 - models - WARNING - 记录被标记为可疑 [sensor=SENSOR_006]: 时间戳过期: 2026-03-19 21:32:05.968656
2026-03-20 08:31:06,029 - models - WARNING - 记录被标记为可疑 [sensor=SENSOR_007]: 时间戳过期: 2026-03-19 21:33:05.968656
2026-03-20 08:31:06,029 - models - WARNING - 记录被标记为可疑 [sensor=SENSOR_008]: 时间戳过期: 2026-03-19 21:34:05.968656
2026-03-20 08:31:06,029 - models - WARNING - 记录被标记为可疑 [sensor=SENSOR_009]: 时间戳过期: 2026-03-19 21:35:05.968656
2026-03-20 08:31:06,029 - models - WARNING - 记录被标记为可疑 [sensor=SENSOR_000]: 时间戳过期: 2026-03-19 21:36:05.968656
2026-03-20 08:31:06,029 - models - WARNING - 记录被标记为可疑 [sensor=SENSOR_001]: 时间戳过期: 2026-03-19 21:37:05.968656
2026-03-20 08:31:06,029 - models - WARNING - 记录被标记为可疑 [sensor=SENSOR_002]: 时间戳过期: 2026-03-19 21:38:05.968656
2026-03-20 08:31:06,029 - models - WARNING - 记录被标记为可疑 [sensor=SENSOR_003]: 时间戳过期: 2026-03-19 21:39:05.968656
2026-03-20 08:31:06,029 - models - WARNING - 记录被标记为可疑 [sensor=SENSOR_004]: 时间戳过期: 2026-03-19 21:40:05.968656
2026-03-20 08:31:06,029 - models - WARNING - 记录被标记为可疑 [sensor=SENSOR_005]: 时间戳过期: 2026-03-19 21:41:05.968656
2026-03-20 08:31:06,029 - models - WARNING - 记录被标记为可疑 [sensor=SENSOR_006]: 时间戳过期: 2026-03-19 21:42:05.968656
2026-03-20 08:31:06,030 - models - WARNING - 记录被标记为可疑 [sensor=SENSOR_007]: 时间戳过期: 2026-03-19 21:43:05.968656
2026-03-20 08:31:06,030 - models - WARNING - 记录被标记为可疑 [sensor=SENSOR_008]: 时间戳过期: 2026-03-19 21:44:05.968656
2026-03-20 08:31:06,030 - models - WARNING - 记录被标记为可疑 [sensor=SENSOR_009]: 时间戳过期: 2026-03-19 21:45:05.968656
2026-03-20 08:31:06,030 - models - WARNING - 记录被标记为可疑 [sensor=SENSOR_000]: 时间戳过期: 2026-03-19 21:46:05.968656
2026-03-20 08:31:06,030 - models - WARNING - 记录被标记为可疑 [sensor=SENSOR_001]: 时间戳过期: 2026-03-19 21:47:05.968656
2026-03-20 08:31:06,030 - models - WARNING - 记录被标记为可疑 [sensor=SENSOR_002]: 时间戳过期: 2026-03-19 21:48:05.968656
2026-03-20 08:31:06,030 - models - WARNING - 记录被标记为可疑 [sensor=SENSOR_003]: 时间戳过期: 2026-03-19 21:49:05.968656
2026-03-20 08:31:06,030 - models - WARNING - 记录被标记为可疑 [sensor=SENSOR_004]: 时间戳过期: 2026-03-19 21:50:05.968656
2026-03-20 08:31:06,030 - models - WARNING - 记录被标记为可疑 [sensor=SENSOR_005]: 时间戳过期: 2026-03-19 21:51:05.968656
2026-03-20 08:31:06,032 - models - WARNING - 记录被标记为可疑 [sensor=SENSOR_006]: 时间戳过期: 2026-03-19 21:52:05.968656
2026-03-20 08:31:06,032 - models - WARNING - 记录被标记为可疑 [sensor=SENSOR_007]: 时间戳过期: 2026-03-19 21:53:05.968656
2026-03-20 08:31:06,032 - models - WARNING - 记录被标记为可疑 [sensor=SENSOR_008]: 时间戳过期: 2026-03-19 21:54:05.968656
2026-03-20 08:31:06,032 - models - WARNING - 记录被标记为可疑 [sensor=SENSOR_009]: 时间戳过期: 2026-03-19 21:55:05.968656
2026-03-20 08:31:06,032 - models - WARNING - 记录被标记为可疑 [sensor=SENSOR_000]: 时间戳过期: 2026-03-19 21:56:05.968656
2026-03-20 08:31:06,032 - models - WARNING - 记录被标记为可疑 [sensor=SENSOR_001]: 时间戳过期: 2026-03-19 21:57:05.968656
2026-03-20 08:31:06,032 - models - WARNING - 记录被标记为可疑 [sensor=SENSOR_002]: 时间戳过期: 2026-03-19 21:58:05.968656
2026-03-20 08:31:06,033 - models - WARNING - 记录被标记为可疑 [sensor=SENSOR_003]: 时间戳过期: 2026-03-19 21:59:05.968656
2026-03-20 08:31:06,033 - models - WARNING - 记录被标记为可疑 [sensor=SENSOR_004]: 时间戳过期: 2026-03-19 22:00:05.968656
2026-03-20 08:31:06,033 - models - WARNING - 记录被标记为可疑 [sensor=SENSOR_005]: 时间戳过期: 2026-03-19 22:01:05.968656
2026-03-20 08:31:06,033 - models - WARNING - 记录被标记为可疑 [sensor=SENSOR_006]: 时间戳过期: 2026-03-19 22:02:05.968656
2026-03-20 08:31:06,033 - models - WARNING - 记录被标记为可疑 [sensor=SENSOR_007]: 时间戳过期: 2026-03-19 22:03:05.968656
2026-03-20 08:31:06,033 - models - WARNING - 记录被标记为可疑 [sensor=SENSOR_008]: 时间戳过期: 2026-03-19 22:04:05.968656
2026-03-20 08:31:06,033 - models - WARNING - 记录被标记为可疑 [sensor=SENSOR_009]: 时间戳过期: 2026-03-19 22:05:05.968656
2026-03-20 08:31:06,033 - models - WARNING - 记录被标记为可疑 [sensor=SENSOR_000]: 时间戳过期: 2026-03-19 22:06:05.968656
2026-03-20 08:31:06,035 - models - WARNING - 记录被标记为可疑 [sensor=SENSOR_001]: 时间戳过期: 2026-03-19 22:07:05.968656
2026-03-20 08:31:06,035 - models - WARNING - 记录被标记为可疑 [sensor=SENSOR_002]: 时间戳过期: 2026-03-19 22:08:05.968656
2026-03-20 08:31:06,035 - models - WARNING - 记录被标记为可疑 [sensor=SENSOR_003]: 时间戳过期: 2026-03-19 22:09:05.968656
2026-03-20 08:31:06,035 - models - WARNING - 记录被标记为可疑 [sensor=SENSOR_004]: 时间戳过期: 2026-03-19 22:10:05.968656
2026-03-20 08:31:06,035 - models - WARNING - 记录被标记为可疑 [sensor=SENSOR_005]: 时间戳过期: 2026-03-19 22:11:05.968656
2026-03-20 08:31:06,035 - ingestion - ERROR - 解析模拟数据失败: 车辆数量不能为负数
2026-03-20 08:31:06,035 - models - WARNING - 记录被标记为可疑 [sensor=SENSOR_007]: 时间戳过期: 2026-03-19 22:13:05.968656
2026-03-20 08:31:06,035 - models - WARNING - 记录被标记为可疑 [sensor=SENSOR_008]: 时间戳过期: 2026-03-19 22:14:05.968656
2026-03-20 08:31:06,035 - models - WARNING - 记录被标记为可疑 [sensor=SENSOR_009]: 时间戳过期: 2026-03-19 22:15:05.968656
2026-03-20 08:31:06,035 - models - WARNING - 记录被标记为可疑 [sensor=SENSOR_000]: 时间戳过期: 2026-03-19 22:16:05.968656
2026-03-20 08:31:06,036 - ingestion - ERROR - 解析模拟数据失败: 车辆数量不能为负数
2026-03-20 08:31:06,036 - models - WARNING - 记录被标记为可疑 [sensor=SENSOR_002]: 时间戳过期: 2026-03-19 22:18:05.968656
2026-03-20 08:31:06,036 - models - WARNING - 记录被标记为可疑 [sensor=SENSOR_003]: 时间戳过期: 2026-03-19 22:19:05.968656
2026-03-20 08:31:06,036 - models - WARNING - 记录被标记为可疑 [sensor=SENSOR_004]: 时间戳过期: 2026-03-19 22:20:05.968656
2026-03-20 08:31:06,036 - models - WARNING - 记录被标记为可疑 [sensor=SENSOR_005]: 时间戳过期: 2026-03-19 22:21:05.968656
2026-03-20 08:31:06,036 - models - WARNING - 记录被标记为可疑 [sensor=SENSOR_006]: 时间戳过期: 2026-03-19 22:22:05.968656
2026-03-20 08:31:06,037 - models - WARNING - 记录被标记为可疑 [sensor=SENSOR_007]: 时间戳过期: 2026-03-19 22:23:05.968656
2026-03-20 08:31:06,037 - models - WARNING - 记录被标记为可疑 [sensor=SENSOR_008]: 时间戳过期: 2026-03-19 22:24:05.968656
2026-03-20 08:31:06,037 - models - WARNING - 记录被标记为可疑 [sensor=SENSOR_009]: 时间戳过期: 2026-03-19 22:25:05.968656
2026-03-20 08:31:06,037 - models - WARNING - 记录被标记为可疑 [sensor=SENSOR_000]: 时间戳过期: 2026-03-19 22:26:05.968656
2026-03-20 08:31:06,037 - models - WARNING - 记录被标记为可疑 [sensor=SENSOR_001]: 时间戳过期: 2026-03-19 22:27:05.968656
2026-03-20 08:31:06,037 - models - WARNING - 记录被标记为可疑 [sensor=SENSOR_002]: 时间戳过期: 2026-03-19 22:28:05.968656
2026-03-20 08:31:06,037 - ingestion - ERROR - 解析模拟数据失败: 速度不能为负数
2026-03-20 08:31:06,037 - models - WARNING - 记录被标记为可疑 [sensor=SENSOR_004]: 时间戳过期: 2026-03-19 22:30:05.968656
2026-03-20 08:31:06,039 - models - WARNING - 记录被标记为可疑 [sensor=SENSOR_005]: 时间戳过期: 2026-03-19 22:31:05.968656
2026-03-20 08:31:06,039 - models - WARNING - 记录被标记为可疑 [sensor=SENSOR_006]: 时间戳过期: 2026-03-19 22:32:05.968656
2026-03-20 08:31:06,039 - models - WARNING - 记录被标记为可疑 [sensor=SENSOR_007]: 时间戳过期: 2026-03-19 22:33:05.968656
2026-03-20 08:31:06,039 - models - WARNING - 记录被标记为可疑 [sensor=SENSOR_008]: 时间戳过期: 2026-03-19 22:34:05.968656
2026-03-20 08:31:06,039 - models - WARNING - 记录被标记为可疑 [sensor=SENSOR_009]: 时间戳过期: 2026-03-19 22:35:05.968656
2026-03-20 08:31:06,039 - models - WARNING - 记录被标记为可疑 [sensor=SENSOR_000]: 时间戳过期: 2026-03-19 22:36:05.968656
2026-03-20 08:31:06,039 - models - WARNING - 记录被标记为可疑 [sensor=SENSOR_001]: 时间戳过期: 2026-03-19 22:37:05.968656
2026-03-20 08:31:06,040 - ingestion - ERROR - 解析模拟数据失败: 车辆数量不能为负数
2026-03-20 08:31:06,040 - models - WARNING - 记录被标记为可疑 [sensor=SENSOR_003]: 时间戳过期: 2026-03-19 22:39:05.968656
2026-03-20 08:31:06,040 - models - WARNING - 记录被标记为可疑 [sensor=SENSOR_004]: 时间戳过期: 2026-03-19 22:40:05.968656
2026-03-20 08:31:06,040 - models - WARNING - 记录被标记为可疑 [sensor=SENSOR_005]: 时间戳过期: 2026-03-19 22:41:05.968656
2026-03-20 08:31:06,040 - models - WARNING - 记录被标记为可疑 [sensor=SENSOR_006]: 时间戳过期: 2026-03-19 22:42:05.968656
2026-03-20 08:31:06,040 - models - WARNING - 记录被标记为可疑 [sensor=SENSOR_007]: 时间戳过期: 2026-03-19 22:43:05.968656
2026-03-20 08:31:06,040 - models - WARNING - 记录被标记为可疑 [sensor=SENSOR_008]: 时间戳过期: 2026-03-19 22:44:05.968656
2026-03-20 08:31:06,040 - models - WARNING - 记录被标记为可疑 [sensor=SENSOR_009]: 时间戳过期: 2026-03-19 22:45:05.968656
2026-03-20 08:31:06,040 - models - WARNING - 记录被标记为可疑 [sensor=SENSOR_000]: 时间戳过期: 2026-03-19 22:46:05.968656
2026-03-20 08:31:06,040 - models - WARNING - 记录被标记为可疑 [sensor=SENSOR_001]: 时间戳过期: 2026-03-19 22:47:05.968656
2026-03-20 08:31:06,042 - models - WARNING - 记录被标记为可疑 [sensor=SENSOR_002]: 时间戳过期: 2026-03-19 22:48:05.968656
2026-03-20 08:31:06,042 - models - WARNING - 记录被标记为可疑 [sensor=SENSOR_003]: 时间戳过期: 2026-03-19 22:49:05.968656
2026-03-20 08:31:06,042 - models - WARNING - 记录被标记为可疑 [sensor=SENSOR_004]: 时间戳过期: 2026-03-19 22:50:05.968656
2026-03-20 08:31:06,042 - models - WARNING - 记录被标记为可疑 [sensor=SENSOR_005]: 时间戳过期: 2026-03-19 22:51:05.968656
2026-03-20 08:31:06,043 - models - WARNING - 记录被标记为可疑 [sensor=SENSOR_006]: 时间戳过期: 2026-03-19 22:52:05.968656
2026-03-20 08:31:06,043 - models - WARNING - 记录被标记为可疑 [sensor=SENSOR_007]: 时间戳过期: 2026-03-19 22:53:05.968656
2026-03-20 08:31:06,043 - models - WARNING - 记录被标记为可疑 [sensor=SENSOR_008]: 时间戳过期: 2026-03-19 22:54:05.968656
2026-03-20 08:31:06,043 - models - WARNING - 记录被标记为可疑 [sensor=SENSOR_009]: 时间戳过期: 2026-03-19 22:55:05.968656
2026-03-20 08:31:06,043 - models - WARNING - 记录被标记为可疑 [sensor=SENSOR_000]: 时间戳过期: 2026-03-19 22:56:05.968656
2026-03-20 08:31:06,043 - models - WARNING - 记录被标记为可疑 [sensor=SENSOR_001]: 时间戳过期: 2026-03-19 22:57:05.968656
2026-03-20 08:31:06,043 - models - WARNING - 记录被标记为可疑 [sensor=SENSOR_002]: 时间戳过期: 2026-03-19 22:58:05.968656
2026-03-20 08:31:06,044 - models - WARNING - 记录被标记为可疑 [sensor=SENSOR_003]: 时间戳过期: 2026-03-19 22:59:05.968656
2026-03-20 08:31:06,044 - models - WARNING - 记录被标记为可疑 [sensor=SENSOR_004]: 时间戳过期: 2026-03-19 23:00:05.968656
2026-03-20 08:31:06,044 - models - WARNING - 记录被标记为可疑 [sensor=SENSOR_005]: 时间戳过期: 2026-03-19 23:01:05.968656
2026-03-20 08:31:06,044 - models - WARNING - 记录被标记为可疑 [sensor=SENSOR_006]: 时间戳过期: 2026-03-19 23:02:05.968656
2026-03-20 08:31:06,044 - models - WARNING - 记录被标记为可疑 [sensor=SENSOR_007]: 时间戳过期: 2026-03-19 23:03:05.968656
2026-03-20 08:31:06,044 - models - WARNING - 记录被标记为可疑 [sensor=SENSOR_008]: 时间戳过期: 2026-03-19 23:04:05.968656
2026-03-20 08:31:06,044 - models - WARNING - 记录被标记为可疑 [sensor=SENSOR_009]: 时间戳过期: 2026-03-19 23:05:05.968656
2026-03-20 08:31:06,044 - models - WARNING - 记录被标记为可疑 [sensor=SENSOR_000]: 时间戳过期: 2026-03-19 23:06:05.968656
2026-03-20 08:31:06,046 - models - WARNING - 记录被标记为可疑 [sensor=SENSOR_001]: 时间戳过期: 2026-03-19 23:07:05.968656
2026-03-20 08:31:06,046 - models - WARNING - 记录被标记为可疑 [sensor=SENSOR_002]: 时间戳过期: 2026-03-19 23:08:05.968656
2026-03-20 08:31:06,046 - models - WARNING - 记录被标记为可疑 [sensor=SENSOR_003]: 时间戳过期: 2026-03-19 23:09:05.968656
2026-03-20 08:31:06,046 - models - WARNING - 记录被标记为可疑 [sensor=SENSOR_004]: 时间戳过期: 2026-03-19 23:10:05.968656
2026-03-20 08:31:06,046 - models - WARNING - 记录被标记为可疑 [sensor=SENSOR_005]: 时间戳过期: 2026-03-19 23:11:05.968656
2026-03-20 08:31:06,046 - models - WARNING - 记录被标记为可疑 [sensor=SENSOR_006]: 时间戳过期: 2026-03-19 23:12:05.968656
2026-03-20 08:31:06,048 - models - WARNING - 记录被标记为可疑 [sensor=SENSOR_007]: 时间戳过期: 2026-03-19 23:13:05.968656
2026-03-20 08:31:06,048 - models - WARNING - 记录被标记为可疑 [sensor=SENSOR_008]: 时间戳过期: 2026-03-19 23:14:05.968656
2026-03-20 08:31:06,048 - models - WARNING - 记录被标记为可疑 [sensor=SENSOR_009]: 时间戳过期: 2026-03-19 23:15:05.968656
2026-03-20 08:31:06,048 - models - WARNING - 记录被标记为可疑 [sensor=SENSOR_000]: 时间戳过期: 2026-03-19 23:16:05.968656
2026-03-20 08:31:06,048 - models - WARNING - 记录被标记为可疑 [sensor=SENSOR_001]: 时间戳过期: 2026-03-19 23:17:05.968656
2026-03-20 08:31:06,048 - models - WARNING - 记录被标记为可疑 [sensor=SENSOR_002]: 时间戳过期: 2026-03-19 23:18:05.968656
2026-03-20 08:31:06,048 - models - WARNING - 记录被标记为可疑 [sensor=SENSOR_003]: 时间戳过期: 2026-03-19 23:19:05.968656
2026-03-20 08:31:06,048 - models - WARNING - 记录被标记为可疑 [sensor=SENSOR_004]: 时间戳过期: 2026-03-19 23:20:05.968656
2026-03-20 08:31:06,048 - models - WARNING - 记录被标记为可疑 [sensor=SENSOR_005]: 时间戳过期: 2026-03-19 23:21:05.968656
2026-03-20 08:31:06,049 - models - WARNING - 记录被标记为可疑 [sensor=SENSOR_006]: 时间戳过期: 2026-03-19 23:22:05.968656
2026-03-20 08:31:06,049 - models - WARNING - 记录被标记为可疑 [sensor=SENSOR_007]: 时间戳过期: 2026-03-19 23:23:05.968656
2026-03-20 08:31:06,049 - ingestion - ERROR - 解析模拟数据失败: 车辆数量不能为负数
2026-03-20 08:31:06,049 - models - WARNING - 记录被标记为可疑 [sensor=SENSOR_009]: 时间戳过期: 2026-03-19 23:25:05.968656
2026-03-20 08:31:06,049 - models - WARNING - 记录被标记为可疑 [sensor=SENSOR_000]: 时间戳过期: 2026-03-19 23:26:05.968656
2026-03-20 08:31:06,049 - models - WARNING - 记录被标记为可疑 [sensor=SENSOR_001]: 时间戳过期: 2026-03-19 23:27:05.968656
2026-03-20 08:31:06,049 - models - WARNING - 记录被标记为可疑 [sensor=SENSOR_002]: 时间戳过期: 2026-03-19 23:28:05.968656
2026-03-20 08:31:06,049 - models - WARNING - 记录被标记为可疑 [sensor=SENSOR_003]: 时间戳过期: 2026-03-19 23:29:05.968656
2026-03-20 08:31:06,051 - models - WARNING - 记录被标记为可疑 [sensor=SENSOR_004]: 时间戳过期: 2026-03-19 23:30:05.968656
2026-03-20 08:31:06,051 - ingestion - ERROR - 解析模拟数据失败: 车辆数量不能为负数
2026-03-20 08:31:06,051 - models - WARNING - 记录被标记为可疑 [sensor=SENSOR_006]: 时间戳过期: 2026-03-19 23:32:05.968656
2026-03-20 08:31:06,051 - models - WARNING - 记录被标记为可疑 [sensor=SENSOR_007]: 时间戳过期: 2026-03-19 23:33:05.968656
2026-03-20 08:31:06,051 - models - WARNING - 记录被标记为可疑 [sensor=SENSOR_008]: 时间戳过期: 2026-03-19 23:34:05.968656
2026-03-20 08:31:06,051 - models - WARNING - 记录被标记为可疑 [sensor=SENSOR_009]: 时间戳过期: 2026-03-19 23:35:05.968656
2026-03-20 08:31:06,051 - models - WARNING - 记录被标记为可疑 [sensor=SENSOR_000]: 时间戳过期: 2026-03-19 23:36:05.968656
2026-03-20 08:31:06,051 - ingestion - ERROR - 解析模拟数据失败: 车辆数量不能为负数
2026-03-20 08:31:06,051 - models - WARNING - 记录被标记为可疑 [sensor=SENSOR_002]: 时间戳过期: 2026-03-19 23:38:05.968656
2026-03-20 08:31:06,051 - models - WARNING - 记录被标记为可疑 [sensor=SENSOR_003]: 时间戳过期: 2026-03-19 23:39:05.968656
2026-03-20 08:31:06,051 - models - WARNING - 记录被标记为可疑 [sensor=SENSOR_004]: 时间戳过期: 2026-03-19 23:40:05.968656
2026-03-20 08:31:06,052 - models - WARNING - 记录被标记为可疑 [sensor=SENSOR_005]: 时间戳过期: 2026-03-19 23:41:05.968656
2026-03-20 08:31:06,052 - models - WARNING - 记录被标记为可疑 [sensor=SENSOR_006]: 时间戳过期: 2026-03-19 23:42:05.968656
2026-03-20 08:31:06,052 - models - WARNING - 记录被标记为可疑 [sensor=SENSOR_007]: 时间戳过期: 2026-03-19 23:43:05.968656
2026-03-20 08:31:06,052 - ingestion - ERROR - 解析模拟数据失败: 车辆数量不能为负数
2026-03-20 08:31:06,052 - models - WARNING - 记录被标记为可疑 [sensor=SENSOR_009]: 时间戳过期: 2026-03-19 23:45:05.968656
2026-03-20 08:31:06,052 - models - WARNING - 记录被标记为可疑 [sensor=SENSOR_000]: 时间戳过期: 2026-03-19 23:46:05.968656
2026-03-20 08:31:06,052 - models - WARNING - 记录被标记为可疑 [sensor=SENSOR_001]: 时间戳过期: 2026-03-19 23:47:05.968656
2026-03-20 08:31:06,052 - models - WARNING - 记录被标记为可疑 [sensor=SENSOR_002]: 时间戳过期: 2026-03-19 23:48:05.968656
2026-03-20 08:31:06,052 - models - WARNING - 记录被标记为可疑 [sensor=SENSOR_003]: 时间戳过期: 2026-03-19 23:49:05.968656
2026-03-20 08:31:06,052 - models - WARNING - 记录被标记为可疑 [sensor=SENSOR_004]: 时间戳过期: 2026-03-19 23:50:05.968656
2026-03-20 08:31:06,054 - models - WARNING - 记录被标记为可疑 [sensor=SENSOR_005]: 时间戳过期: 2026-03-19 23:51:05.968656
2026-03-20 08:31:06,054 - models - WARNING - 记录被标记为可疑 [sensor=SENSOR_006]: 时间戳过期: 2026-03-19 23:52:05.968656
2026-03-20 08:31:06,054 - models - WARNING - 记录被标记为可疑 [sensor=SENSOR_007]: 时间戳过期: 2026-03-19 23:53:05.968656
2026-03-20 08:31:06,055 - models - WARNING - 记录被标记为可疑 [sensor=SENSOR_008]: 时间戳过期: 2026-03-19 23:54:05.968656
2026-03-20 08:31:06,055 - models - WARNING - 记录被标记为可疑 [sensor=SENSOR_009]: 时间戳过期: 2026-03-19 23:55:05.968656
2026-03-20 08:31:06,055 - models - WARNING - 记录被标记为可疑 [sensor=SENSOR_000]: 时间戳过期: 2026-03-19 23:56:05.968656
2026-03-20 08:31:06,055 - models - WARNING - 记录被标记为可疑 [sensor=SENSOR_001]: 时间戳过期: 2026-03-19 23:57:05.968656
2026-03-20 08:31:06,055 - models - WARNING - 记录被标记为可疑 [sensor=SENSOR_002]: 时间戳过期: 2026-03-19 23:58:05.968656
2026-03-20 08:31:06,055 - models - WARNING - 记录被标记为可疑 [sensor=SENSOR_003]: 时间戳过期: 2026-03-19 23:59:05.968656
2026-03-20 08:31:06,055 - models - WARNING - 记录被标记为可疑 [sensor=SENSOR_004]: 时间戳过期: 2026-03-20 00:00:05.968656
2026-03-20 08:31:06,055 - models - WARNING - 记录被标记为可疑 [sensor=SENSOR_005]: 时间戳过期: 2026-03-20 00:01:05.968656
2026-03-20 08:31:06,055 - models - WARNING - 记录被标记为可疑 [sensor=SENSOR_006]: 时间戳过期: 2026-03-20 00:02:05.968656
2026-03-20 08:31:06,055 - models - WARNING - 记录被标记为可疑 [sensor=SENSOR_007]: 时间戳过期: 2026-03-20 00:03:05.968656
2026-03-20 08:31:06,056 - models - WARNING - 记录被标记为可疑 [sensor=SENSOR_008]: 时间戳过期: 2026-03-20 00:04:05.968656
2026-03-20 08:31:06,056 - models - WARNING - 记录被标记为可疑 [sensor=SENSOR_009]: 时间戳过期: 2026-03-20 00:05:05.968656
2026-03-20 08:31:06,056 - models - WARNING - 记录被标记为可疑 [sensor=SENSOR_000]: 时间戳过期: 2026-03-20 00:06:05.968656
2026-03-20 08:31:06,056 - models - WARNING - 记录被标记为可疑 [sensor=SENSOR_001]: 时间戳过期: 2026-03-20 00:07:05.968656
2026-03-20 08:31:06,056 - models - WARNING - 记录被标记为可疑 [sensor=SENSOR_002]: 时间戳过期: 2026-03-20 00:08:05.968656
2026-03-20 08:31:06,056 - models - WARNING - 记录被标记为可疑 [sensor=SENSOR_003]: 时间戳过期: 2026-03-20 00:09:05.968656
2026-03-20 08:31:06,056 - models - WARNING - 记录被标记为可疑 [sensor=SENSOR_004]: 时间戳过期: 2026-03-20 00:10:05.968656
2026-03-20 08:31:06,056 - models - WARNING - 记录被标记为可疑 [sensor=SENSOR_005]: 时间戳过期: 2026-03-20 00:11:05.968656
2026-03-20 08:31:06,058 - models - WARNING - 记录被标记为可疑 [sensor=SENSOR_006]: 时间戳过期: 2026-03-20 00:12:05.968656
2026-03-20 08:31:06,058 - models - WARNING - 记录被标记为可疑 [sensor=SENSOR_007]: 时间戳过期: 2026-03-20 00:13:05.968656
2026-03-20 08:31:06,058 - models - WARNING - 记录被标记为可疑 [sensor=SENSOR_008]: 时间戳过期: 2026-03-20 00:14:05.968656
2026-03-20 08:31:06,058 - models - WARNING - 记录被标记为可疑 [sensor=SENSOR_009]: 时间戳过期: 2026-03-20 00:15:05.968656
2026-03-20 08:31:06,058 - models - WARNING - 记录被标记为可疑 [sensor=SENSOR_000]: 时间戳过期: 2026-03-20 00:16:05.968656
2026-03-20 08:31:06,058 - models - WARNING - 记录被标记为可疑 [sensor=SENSOR_001]: 时间戳过期: 2026-03-20 00:17:05.968656
2026-03-20 08:31:06,059 - models - WARNING - 记录被标记为可疑 [sensor=SENSOR_002]: 时间戳过期: 2026-03-20 00:18:05.968656
2026-03-20 08:31:06,059 - models - WARNING - 记录被标记为可疑 [sensor=SENSOR_003]: 时间戳过期: 2026-03-20 00:19:05.968656
2026-03-20 08:31:06,059 - models - WARNING - 记录被标记为可疑 [sensor=SENSOR_004]: 时间戳过期: 2026-03-20 00:20:05.968656
2026-03-20 08:31:06,059 - models - WARNING - 记录被标记为可疑 [sensor=SENSOR_005]: 时间戳过期: 2026-03-20 00:21:05.968656
2026-03-20 08:31:06,059 - models - WARNING - 记录被标记为可疑 [sensor=SENSOR_006]: 时间戳过期: 2026-03-20 00:22:05.968656
2026-03-20 08:31:06,059 - models - WARNING - 记录被标记为可疑 [sensor=SENSOR_007]: 时间戳过期: 2026-03-20 00:23:05.968656
2026-03-20 08:31:06,060 - models - WARNING - 记录被标记为可疑 [sensor=SENSOR_008]: 时间戳过期: 2026-03-20 00:24:05.968656
2026-03-20 08:31:06,060 - models - WARNING - 记录被标记为可疑 [sensor=SENSOR_009]: 时间戳过期: 2026-03-20 00:25:05.968656
2026-03-20 08:31:06,060 - models - WARNING - 记录被标记为可疑 [sensor=SENSOR_000]: 时间戳过期: 2026-03-20 00:26:05.968656
2026-03-20 08:31:06,060 - models - WARNING - 记录被标记为可疑 [sensor=SENSOR_001]: 时间戳过期: 2026-03-20 00:27:05.968656
2026-03-20 08:31:06,060 - models - WARNING - 记录被标记为可疑 [sensor=SENSOR_002]: 时间戳过期: 2026-03-20 00:28:05.968656
2026-03-20 08:31:06,060 - models - WARNING - 记录被标记为可疑 [sensor=SENSOR_003]: 时间戳过期: 2026-03-20 00:29:05.968656
2026-03-20 08:31:06,062 - models - WARNING - 记录被标记为可疑 [sensor=SENSOR_004]: 时间戳过期: 2026-03-20 00:30:05.968656
2026-03-20 08:31:06,062 - models - WARNING - 记录被标记为可疑 [sensor=SENSOR_005]: 时间戳过期: 2026-03-20 00:31:05.968656
2026-03-20 08:31:06,062 - ingestion - ERROR - 解析模拟数据失败: 车辆数量不能为负数
2026-03-20 08:31:06,062 - models - WARNING - 记录被标记为可疑 [sensor=SENSOR_007]: 时间戳过期: 2026-03-20 00:33:05.968656
2026-03-20 08:31:06,062 - models - WARNING - 记录被标记为可疑 [sensor=SENSOR_008]: 时间戳过期: 2026-03-20 00:34:05.968656
2026-03-20 08:31:06,062 - models - WARNING - 记录被标记为可疑 [sensor=SENSOR_009]: 时间戳过期: 2026-03-20 00:35:05.968656
2026-03-20 08:31:06,062 - models - WARNING - 记录被标记为可疑 [sensor=SENSOR_000]: 时间戳过期: 2026-03-20 00:36:05.968656
2026-03-20 08:31:06,063 - models - WARNING - 记录被标记为可疑 [sensor=SENSOR_001]: 时间戳过期: 2026-03-20 00:37:05.968656
2026-03-20 08:31:06,063 - models - WARNING - 记录被标记为可疑 [sensor=SENSOR_002]: 时间戳过期: 2026-03-20 00:38:05.968656
2026-03-20 08:31:06,063 - models - WARNING - 记录被标记为可疑 [sensor=SENSOR_003]: 时间戳过期: 2026-03-20 00:39:05.968656
2026-03-20 08:31:06,063 - models - WARNING - 记录被标记为可疑 [sensor=SENSOR_004]: 时间戳过期: 2026-03-20 00:40:05.968656
2026-03-20 08:31:06,063 - models - WARNING - 记录被标记为可疑 [sensor=SENSOR_005]: 时间戳过期: 2026-03-20 00:41:05.968656
2026-03-20 08:31:06,063 - models - WARNING - 记录被标记为可疑 [sensor=SENSOR_006]: 时间戳过期: 2026-03-20 00:42:05.968656
2026-03-20 08:31:06,063 - models - WARNING - 记录被标记为可疑 [sensor=SENSOR_007]: 时间戳过期: 2026-03-20 00:43:05.968656
2026-03-20 08:31:06,063 - models - WARNING - 记录被标记为可疑 [sensor=SENSOR_008]: 时间戳过期: 2026-03-20 00:44:05.968656
2026-03-20 08:31:06,063 - models - WARNING - 记录被标记为可疑 [sensor=SENSOR_009]: 时间戳过期: 2026-03-20 00:45:05.968656
2026-03-20 08:31:06,063 - models - WARNING - 记录被标记为可疑 [sensor=SENSOR_000]: 时间戳过期: 2026-03-20 00:46:05.968656
2026-03-20 08:31:06,063 - models - WARNING - 记录被标记为可疑 [sensor=SENSOR_001]: 时间戳过期: 2026-03-20 00:47:05.968656
2026-03-20 08:31:06,065 - models - WARNING - 记录被标记为可疑 [sensor=SENSOR_002]: 时间戳过期: 2026-03-20 00:48:05.968656
2026-03-20 08:31:06,065 - models - WARNING - 记录被标记为可疑 [sensor=SENSOR_003]: 时间戳过期: 2026-03-20 00:49:05.968656
2026-03-20 08:31:06,065 - models - WARNING - 记录被标记为可疑 [sensor=SENSOR_004]: 时间戳过期: 2026-03-20 00:50:05.968656
2026-03-20 08:31:06,065 - models - WARNING - 记录被标记为可疑 [sensor=SENSOR_005]: 时间戳过期: 2026-03-20 00:51:05.968656
2026-03-20 08:31:06,065 - models - WARNING - 记录被标记为可疑 [sensor=SENSOR_006]: 时间戳过期: 2026-03-20 00:52:05.968656
2026-03-20 08:31:06,065 - models - WARNING - 记录被标记为可疑 [sensor=SENSOR_007]: 时间戳过期: 2026-03-20 00:53:05.968656
2026-03-20 08:31:06,065 - models - WARNING - 记录被标记为可疑 [sensor=SENSOR_008]: 时间戳过期: 2026-03-20 00:54:05.968656
2026-03-20 08:31:06,065 - models - WARNING - 记录被标记为可疑 [sensor=SENSOR_009]: 时间戳过期: 2026-03-20 00:55:05.968656
2026-03-20 08:31:06,065 - models - WARNING - 记录被标记为可疑 [sensor=SENSOR_000]: 时间戳过期: 2026-03-20 00:56:05.968656
2026-03-20 08:31:06,067 - models - WARNING - 记录被标记为可疑 [sensor=SENSOR_001]: 时间戳过期: 2026-03-20 00:57:05.968656
2026-03-20 08:31:06,067 - models - WARNING - 记录被标记为可疑 [sensor=SENSOR_002]: 时间戳过期: 2026-03-20 00:58:05.968656
2026-03-20 08:31:06,067 - models - WARNING - 记录被标记为可疑 [sensor=SENSOR_003]: 时间戳过期: 2026-03-20 00:59:05.968656
2026-03-20 08:31:06,067 - models - WARNING - 记录被标记为可疑 [sensor=SENSOR_004]: 时间戳过期: 2026-03-20 01:00:05.968656
2026-03-20 08:31:06,067 - models - WARNING - 记录被标记为可疑 [sensor=SENSOR_005]: 时间戳过期: 2026-03-20 01:01:05.968656
2026-03-20 08:31:06,067 - models - WARNING - 记录被标记为可疑 [sensor=SENSOR_006]: 时间戳过期: 2026-03-20 01:02:05.968656
2026-03-20 08:31:06,067 - models - WARNING - 记录被标记为可疑 [sensor=SENSOR_007]: 时间戳过期: 2026-03-20 01:03:05.968656
2026-03-20 08:31:06,067 - models - WARNING - 记录被标记为可疑 [sensor=SENSOR_008]: 时间戳过期: 2026-03-20 01:04:05.968656
2026-03-20 08:31:06,068 - models - WARNING - 记录被标记为可疑 [sensor=SENSOR_009]: 时间戳过期: 2026-03-20 01:05:05.968656
2026-03-20 08:31:06,068 - models - WARNING - 记录被标记为可疑 [sensor=SENSOR_000]: 时间戳过期: 2026-03-20 01:06:05.968656
2026-03-20 08:31:06,068 - models - WARNING - 记录被标记为可疑 [sensor=SENSOR_001]: 时间戳过期: 2026-03-20 01:07:05.968656
2026-03-20 08:31:06,068 - models - WARNING - 记录被标记为可疑 [sensor=SENSOR_002]: 时间戳过期: 2026-03-20 01:08:05.968656
2026-03-20 08:31:06,068 - models - WARNING - 记录被标记为可疑 [sensor=SENSOR_003]: 时间戳过期: 2026-03-20 01:09:05.968656
2026-03-20 08:31:06,068 - models - WARNING - 记录被标记为可疑 [sensor=SENSOR_004]: 时间戳过期: 2026-03-20 01:10:05.968656
2026-03-20 08:31:06,068 - models - WARNING - 记录被标记为可疑 [sensor=SENSOR_005]: 时间戳过期: 2026-03-20 01:11:05.968656
2026-03-20 08:31:06,068 - models - WARNING - 记录被标记为可疑 [sensor=SENSOR_006]: 时间戳过期: 2026-03-20 01:12:05.968656
2026-03-20 08:31:06,068 - models - WARNING - 记录被标记为可疑 [sensor=SENSOR_007]: 时间戳过期: 2026-03-20 01:13:05.968656
2026-03-20 08:31:06,068 - models - WARNING - 记录被标记为可疑 [sensor=SENSOR_008]: 时间戳过期: 2026-03-20 01:14:05.968656
2026-03-20 08:31:06,068 - models - WARNING - 记录被标记为可疑 [sensor=SENSOR_009]: 时间戳过期: 2026-03-20 01:15:05.968656
2026-03-20 08:31:06,070 - models - WARNING - 记录被标记为可疑 [sensor=SENSOR_000]: 时间戳过期: 2026-03-20 01:16:05.968656
2026-03-20 08:31:06,070 - models - WARNING - 记录被标记为可疑 [sensor=SENSOR_001]: 时间戳过期: 2026-03-20 01:17:05.968656
2026-03-20 08:31:06,070 - models - WARNING - 记录被标记为可疑 [sensor=SENSOR_002]: 时间戳过期: 2026-03-20 01:18:05.968656
2026-03-20 08:31:06,070 - models - WARNING - 记录被标记为可疑 [sensor=SENSOR_003]: 时间戳过期: 2026-03-20 01:19:05.968656
2026-03-20 08:31:06,070 - models - WARNING - 记录被标记为可疑 [sensor=SENSOR_004]: 时间戳过期: 2026-03-20 01:20:05.968656
2026-03-20 08:31:06,070 - models - WARNING - 记录被标记为可疑 [sensor=SENSOR_005]: 时间戳过期: 2026-03-20 01:21:05.968656
2026-03-20 08:31:06,070 - models - WARNING - 记录被标记为可疑 [sensor=SENSOR_006]: 时间戳过期: 2026-03-20 01:22:05.968656
2026-03-20 08:31:06,070 - models - WARNING - 记录被标记为可疑 [sensor=SENSOR_007]: 时间戳过期: 2026-03-20 01:23:05.968656
2026-03-20 08:31:06,070 - models - WARNING - 记录被标记为可疑 [sensor=SENSOR_008]: 时间戳过期: 2026-03-20 01:24:05.968656
2026-03-20 08:31:06,070 - models - WARNING - 记录被标记为可疑 [sensor=SENSOR_009]: 时间戳过期: 2026-03-20 01:25:05.968656
2026-03-20 08:31:06,070 - models - WARNING - 记录被标记为可疑 [sensor=SENSOR_000]: 时间戳过期: 2026-03-20 01:26:05.968656
2026-03-20 08:31:06,070 - models - WARNING - 记录被标记为可疑 [sensor=SENSOR_001]: 时间戳过期: 2026-03-20 01:27:05.968656
2026-03-20 08:31:06,070 - models - WARNING - 记录被标记为可疑 [sensor=SENSOR_002]: 时间戳过期: 2026-03-20 01:28:05.968656
2026-03-20 08:31:06,071 - models - WARNING - 记录被标记为可疑 [sensor=SENSOR_003]: 时间戳过期: 2026-03-20 01:29:05.968656
2026-03-20 08:31:06,071 - models - WARNING - 记录被标记为可疑 [sensor=SENSOR_004]: 时间戳过期: 2026-03-20 01:30:05.968656
2026-03-20 08:31:06,071 - models - WARNING - 记录被标记为可疑 [sensor=SENSOR_005]: 时间戳过期: 2026-03-20 01:31:05.968656
2026-03-20 08:31:06,071 - models - WARNING - 记录被标记为可疑 [sensor=SENSOR_006]: 时间戳过期: 2026-03-20 01:32:05.968656
2026-03-20 08:31:06,071 - models - WARNING - 记录被标记为可疑 [sensor=SENSOR_007]: 时间戳过期: 2026-03-20 01:33:05.968656
2026-03-20 08:31:06,071 - models - WARNING - 记录被标记为可疑 [sensor=SENSOR_008]: 时间戳过期: 2026-03-20 01:34:05.968656
2026-03-20 08:31:06,071 - models - WARNING - 记录被标记为可疑 [sensor=SENSOR_009]: 时间戳过期: 2026-03-20 01:35:05.968656
2026-03-20 08:31:06,073 - models - WARNING - 记录被标记为可疑 [sensor=SENSOR_000]: 时间戳过期: 2026-03-20 01:36:05.968656
2026-03-20 08:31:06,073 - models - WARNING - 记录被标记为可疑 [sensor=SENSOR_001]: 时间戳过期: 2026-03-20 01:37:05.968656
2026-03-20 08:31:06,073 - models - WARNING - 记录被标记为可疑 [sensor=SENSOR_002]: 时间戳过期: 2026-03-20 01:38:05.968656
2026-03-20 08:31:06,073 - models - WARNING - 记录被标记为可疑 [sensor=SENSOR_003]: 时间戳过期: 2026-03-20 01:39:05.968656
2026-03-20 08:31:06,073 - models - WARNING - 记录被标记为可疑 [sensor=SENSOR_004]: 时间戳过期: 2026-03-20 01:40:05.968656
2026-03-20 08:31:06,073 - models - WARNING - 记录被标记为可疑 [sensor=SENSOR_005]: 时间戳过期: 2026-03-20 01:41:05.968656
2026-03-20 08:31:06,073 - models - WARNING - 记录被标记为可疑 [sensor=SENSOR_006]: 时间戳过期: 2026-03-20 01:42:05.968656
2026-03-20 08:31:06,073 - models - WARNING - 记录被标记为可疑 [sensor=SENSOR_007]: 时间戳过期: 2026-03-20 01:43:05.968656
2026-03-20 08:31:06,073 - ingestion - ERROR - 解析模拟数据失败: 车辆数量不能为负数
2026-03-20 08:31:06,073 - models - WARNING - 记录被标记为可疑 [sensor=SENSOR_009]: 时间戳过期: 2026-03-20 01:45:05.968656
2026-03-20 08:31:06,073 - models - WARNING - 记录被标记为可疑 [sensor=SENSOR_000]: 时间戳过期: 2026-03-20 01:46:05.968656
2026-03-20 08:31:06,074 - ingestion - ERROR - 解析模拟数据失败: 速度不能为负数
2026-03-20 08:31:06,074 - models - WARNING - 记录被标记为可疑 [sensor=SENSOR_002]: 时间戳过期: 2026-03-20 01:48:05.968656
2026-03-20 08:31:06,074 - models - WARNING - 记录被标记为可疑 [sensor=SENSOR_003]: 时间戳过期: 2026-03-20 01:49:05.968656
2026-03-20 08:31:06,074 - models - WARNING - 记录被标记为可疑 [sensor=SENSOR_004]: 时间戳过期: 2026-03-20 01:50:05.968656
2026-03-20 08:31:06,074 - models - WARNING - 记录被标记为可疑 [sensor=SENSOR_005]: 时间戳过期: 2026-03-20 01:51:05.968656
2026-03-20 08:31:06,074 - models - WARNING - 记录被标记为可疑 [sensor=SENSOR_006]: 时间戳过期: 2026-03-20 01:52:05.968656
2026-03-20 08:31:06,074 - models - WARNING - 记录被标记为可疑 [sensor=SENSOR_007]: 时间戳过期: 2026-03-20 01:53:05.968656
2026-03-20 08:31:06,076 - models - WARNING - 记录被标记为可疑 [sensor=SENSOR_008]: 时间戳过期: 2026-03-20 01:54:05.968656
2026-03-20 08:31:06,076 - models - WARNING - 记录被标记为可疑 [sensor=SENSOR_009]: 时间戳过期: 2026-03-20 01:55:05.968656
2026-03-20 08:31:06,076 - ingestion - ERROR - 解析模拟数据失败: 车辆数量不能为负数
2026-03-20 08:31:06,076 - models - WARNING - 记录被标记为可疑 [sensor=SENSOR_001]: 时间戳过期: 2026-03-20 01:57:05.968656
2026-03-20 08:31:06,076 - models - WARNING - 记录被标记为可疑 [sensor=SENSOR_002]: 时间戳过期: 2026-03-20 01:58:05.968656
2026-03-20 08:31:06,076 - models - WARNING - 记录被标记为可疑 [sensor=SENSOR_003]: 时间戳过期: 2026-03-20 01:59:05.968656
2026-03-20 08:31:06,076 - models - WARNING - 记录被标记为可疑 [sensor=SENSOR_004]: 时间戳过期: 2026-03-20 02:00:05.968656
2026-03-20 08:31:06,077 - models - WARNING - 记录被标记为可疑 [sensor=SENSOR_005]: 时间戳过期: 2026-03-20 02:01:05.968656
2026-03-20 08:31:06,077 - models - WARNING - 记录被标记为可疑 [sensor=SENSOR_006]: 时间戳过期: 2026-03-20 02:02:05.968656
2026-03-20 08:31:06,077 - models - WARNING - 记录被标记为可疑 [sensor=SENSOR_007]: 时间戳过期: 2026-03-20 02:03:05.968656
2026-03-20 08:31:06,077 - models - WARNING - 记录被标记为可疑 [sensor=SENSOR_008]: 时间戳过期: 2026-03-20 02:04:05.968656
2026-03-20 08:31:06,077 - models - WARNING - 记录被标记为可疑 [sensor=SENSOR_009]: 时间戳过期: 2026-03-20 02:05:05.968656
2026-03-20 08:31:06,079 - ingestion - ERROR - 解析模拟数据失败: 车辆数量不能为负数
2026-03-20 08:31:06,079 - models - WARNING - 记录被标记为可疑 [sensor=SENSOR_001]: 时间戳过期: 2026-03-20 02:07:05.968656
2026-03-20 08:31:06,079 - models - WARNING - 记录被标记为可疑 [sensor=SENSOR_002]: 时间戳过期: 2026-03-20 02:08:05.968656
2026-03-20 08:31:06,079 - models - WARNING - 记录被标记为可疑 [sensor=SENSOR_003]: 时间戳过期: 2026-03-20 02:09:05.968656
2026-03-20 08:31:06,079 - ingestion - ERROR - 解析模拟数据失败: 车辆数量不能为负数
2026-03-20 08:31:06,079 - models - WARNING - 记录被标记为可疑 [sensor=SENSOR_005]: 时间戳过期: 2026-03-20 02:11:05.968656
2026-03-20 08:31:06,080 - models - WARNING - 记录被标记为可疑 [sensor=SENSOR_006]: 时间戳过期: 2026-03-20 02:12:05.968656
2026-03-20 08:31:06,080 - models - WARNING - 记录被标记为可疑 [sensor=SENSOR_007]: 时间戳过期: 2026-03-20 02:13:05.968656
2026-03-20 08:31:06,080 - models - WARNING - 记录被标记为可疑 [sensor=SENSOR_008]: 时间戳过期: 2026-03-20 02:14:05.968656
2026-03-20 08:31:06,080 - models - WARNING - 记录被标记为可疑 [sensor=SENSOR_009]: 时间戳过期: 2026-03-20 02:15:05.968656
2026-03-20 08:31:06,080 - models - WARNING - 记录被标记为可疑 [sensor=SENSOR_000]: 时间戳过期: 2026-03-20 02:16:05.968656
2026-03-20 08:31:06,080 - models - WARNING - 记录被标记为可疑 [sensor=SENSOR_001]: 时间戳过期: 2026-03-20 02:17:05.968656
2026-03-20 08:31:06,080 - models - WARNING - 记录被标记为可疑 [sensor=SENSOR_002]: 时间戳过期: 2026-03-20 02:18:05.968656
2026-03-20 08:31:06,082 - models - WARNING - 记录被标记为可疑 [sensor=SENSOR_003]: 时间戳过期: 2026-03-20 02:19:05.968656
2026-03-20 08:31:06,082 - models - WARNING - 记录被标记为可疑 [sensor=SENSOR_004]: 时间戳过期: 2026-03-20 02:20:05.968656
2026-03-20 08:31:06,082 - models - WARNING - 记录被标记为可疑 [sensor=SENSOR_005]: 时间戳过期: 2026-03-20 02:21:05.968656
2026-03-20 08:31:06,082 - models - WARNING - 记录被标记为可疑 [sensor=SENSOR_006]: 时间戳过期: 2026-03-20 02:22:05.968656
2026-03-20 08:31:06,082 - models - WARNING - 记录被标记为可疑 [sensor=SENSOR_007]: 时间戳过期: 2026-03-20 02:23:05.968656
2026-03-20 08:31:06,082 - models - WARNING - 记录被标记为可疑 [sensor=SENSOR_008]: 时间戳过期: 2026-03-20 02:24:05.968656
2026-03-20 08:31:06,082 - models - WARNING - 记录被标记为可疑 [sensor=SENSOR_009]: 时间戳过期: 2026-03-20 02:25:05.968656
2026-03-20 08:31:06,082 - ingestion - ERROR - 解析模拟数据失败: 速度异常，超过200km/h
2026-03-20 08:31:06,082 - models - WARNING - 记录被标记为可疑 [sensor=SENSOR_001]: 时间戳过期: 2026-03-20 02:27:05.968656
2026-03-20 08:31:06,082 - models - WARNING - 记录被标记为可疑 [sensor=SENSOR_002]: 时间戳过期: 2026-03-20 02:28:05.968656
2026-03-20 08:31:06,082 - models - WARNING - 记录被标记为可疑 [sensor=SENSOR_003]: 时间戳过期: 2026-03-20 02:29:05.968656
2026-03-20 08:31:06,083 - models - WARNING - 记录被标记为可疑 [sensor=SENSOR_004]: 时间戳过期: 2026-03-20 02:30:05.968656
2026-03-20 08:31:06,083 - models - WARNING - 记录被标记为可疑 [sensor=SENSOR_005]: 时间戳过期: 2026-03-20 02:31:05.968656
2026-03-20 08:31:06,083 - models - WARNING - 记录被标记为可疑 [sensor=SENSOR_006]: 时间戳过期: 2026-03-20 02:32:05.968656
2026-03-20 08:31:06,083 - models - WARNING - 记录被标记为可疑 [sensor=SENSOR_007]: 时间戳过期: 2026-03-20 02:33:05.968656
2026-03-20 08:31:06,083 - models - WARNING - 记录被标记为可疑 [sensor=SENSOR_008]: 时间戳过期: 2026-03-20 02:34:05.968656
2026-03-20 08:31:06,083 - models - WARNING - 记录被标记为可疑 [sensor=SENSOR_009]: 时间戳过期: 2026-03-20 02:35:05.968656
2026-03-20 08:31:06,083 - models - WARNING - 记录被标记为可疑 [sensor=SENSOR_000]: 时间戳过期: 2026-03-20 02:36:05.968656
2026-03-20 08:31:06,083 - models - WARNING - 记录被标记为可疑 [sensor=SENSOR_001]: 时间戳过期: 2026-03-20 02:37:05.968656
2026-03-20 08:31:06,085 - models - WARNING - 记录被标记为可疑 [sensor=SENSOR_002]: 时间戳过期: 2026-03-20 02:38:05.968656
2026-03-20 08:31:06,085 - models - WARNING - 记录被标记为可疑 [sensor=SENSOR_003]: 时间戳过期: 2026-03-20 02:39:05.968656
2026-03-20 08:31:06,085 - models - WARNING - 记录被标记为可疑 [sensor=SENSOR_004]: 时间戳过期: 2026-03-20 02:40:05.968656
2026-03-20 08:31:06,085 - models - WARNING - 记录被标记为可疑 [sensor=SENSOR_005]: 时间戳过期: 2026-03-20 02:41:05.968656
2026-03-20 08:31:06,085 - models - WARNING - 记录被标记为可疑 [sensor=SENSOR_006]: 时间戳过期: 2026-03-20 02:42:05.968656
2026-03-20 08:31:06,085 - models - WARNING - 记录被标记为可疑 [sensor=SENSOR_007]: 时间戳过期: 2026-03-20 02:43:05.968656
2026-03-20 08:31:06,085 - models - WARNING - 记录被标记为可疑 [sensor=SENSOR_008]: 时间戳过期: 2026-03-20 02:44:05.968656
2026-03-20 08:31:06,085 - models - WARNING - 记录被标记为可疑 [sensor=SENSOR_009]: 时间戳过期: 2026-03-20 02:45:05.968656
2026-03-20 08:31:06,085 - models - WARNING - 记录被标记为可疑 [sensor=SENSOR_000]: 时间戳过期: 2026-03-20 02:46:05.968656
2026-03-20 08:31:06,086 - models - WARNING - 记录被标记为可疑 [sensor=SENSOR_001]: 时间戳过期: 2026-03-20 02:47:05.968656
2026-03-20 08:31:06,086 - models - WARNING - 记录被标记为可疑 [sensor=SENSOR_002]: 时间戳过期: 2026-03-20 02:48:05.968656
2026-03-20 08:31:06,086 - models - WARNING - 记录被标记为可疑 [sensor=SENSOR_003]: 时间戳过期: 2026-03-20 02:49:05.968656
2026-03-20 08:31:06,086 - models - WARNING - 记录被标记为可疑 [sensor=SENSOR_004]: 时间戳过期: 2026-03-20 02:50:05.968656
2026-03-20 08:31:06,086 - models - WARNING - 记录被标记为可疑 [sensor=SENSOR_005]: 时间戳过期: 2026-03-20 02:51:05.968656
2026-03-20 08:31:06,088 - models - WARNING - 记录被标记为可疑 [sensor=SENSOR_006]: 时间戳过期: 2026-03-20 02:52:05.968656
2026-03-20 08:31:06,088 - models - WARNING - 记录被标记为可疑 [sensor=SENSOR_007]: 时间戳过期: 2026-03-20 02:53:05.968656
2026-03-20 08:31:06,088 - models - WARNING - 记录被标记为可疑 [sensor=SENSOR_008]: 时间戳过期: 2026-03-20 02:54:05.968656
2026-03-20 08:31:06,088 - models - WARNING - 记录被标记为可疑 [sensor=SENSOR_009]: 时间戳过期: 2026-03-20 02:55:05.968656
2026-03-20 08:31:06,088 - models - WARNING - 记录被标记为可疑 [sensor=SENSOR_000]: 时间戳过期: 2026-03-20 02:56:05.968656
2026-03-20 08:31:06,088 - models - WARNING - 记录被标记为可疑 [sensor=SENSOR_001]: 时间戳过期: 2026-03-20 02:57:05.968656
2026-03-20 08:31:06,088 - models - WARNING - 记录被标记为可疑 [sensor=SENSOR_002]: 时间戳过期: 2026-03-20 02:58:05.968656
2026-03-20 08:31:06,088 - models - WARNING - 记录被标记为可疑 [sensor=SENSOR_003]: 时间戳过期: 2026-03-20 02:59:05.968656
2026-03-20 08:31:06,088 - models - WARNING - 记录被标记为可疑 [sensor=SENSOR_004]: 时间戳过期: 2026-03-20 03:00:05.968656
2026-03-20 08:31:06,088 - models - WARNING - 记录被标记为可疑 [sensor=SENSOR_005]: 时间戳过期: 2026-03-20 03:01:05.968656
2026-03-20 08:31:06,090 - ingestion - ERROR - 解析模拟数据失败: 车辆数量不能为负数
2026-03-20 08:31:06,090 - models - WARNING - 记录被标记为可疑 [sensor=SENSOR_007]: 时间戳过期: 2026-03-20 03:03:05.968656
2026-03-20 08:31:06,090 - models - WARNING - 记录被标记为可疑 [sensor=SENSOR_008]: 时间戳过期: 2026-03-20 03:04:05.968656
2026-03-20 08:31:06,090 - models - WARNING - 记录被标记为可疑 [sensor=SENSOR_009]: 时间戳过期: 2026-03-20 03:05:05.968656
2026-03-20 08:31:06,090 - models - WARNING - 记录被标记为可疑 [sensor=SENSOR_000]: 时间戳过期: 2026-03-20 03:06:05.968656
2026-03-20 08:31:06,090 - models - WARNING - 记录被标记为可疑 [sensor=SENSOR_001]: 时间戳过期: 2026-03-20 03:07:05.968656
2026-03-20 08:31:06,090 - models - WARNING - 记录被标记为可疑 [sensor=SENSOR_002]: 时间戳过期: 2026-03-20 03:08:05.968656
2026-03-20 08:31:06,090 - models - WARNING - 记录被标记为可疑 [sensor=SENSOR_003]: 时间戳过期: 2026-03-20 03:09:05.968656
2026-03-20 08:31:06,090 - models - WARNING - 记录被标记为可疑 [sensor=SENSOR_004]: 时间戳过期: 2026-03-20 03:10:05.968656
2026-03-20 08:31:06,090 - models - WARNING - 记录被标记为可疑 [sensor=SENSOR_005]: 时间戳过期: 2026-03-20 03:11:05.968656
2026-03-20 08:31:06,091 - models - WARNING - 记录被标记为可疑 [sensor=SENSOR_006]: 时间戳过期: 2026-03-20 03:12:05.968656
2026-03-20 08:31:06,091 - models - WARNING - 记录被标记为可疑 [sensor=SENSOR_007]: 时间戳过期: 2026-03-20 03:13:05.968656
2026-03-20 08:31:06,091 - models - WARNING - 记录被标记为可疑 [sensor=SENSOR_008]: 时间戳过期: 2026-03-20 03:14:05.968656
2026-03-20 08:31:06,091 - models - WARNING - 记录被标记为可疑 [sensor=SENSOR_009]: 时间戳过期: 2026-03-20 03:15:05.968656
2026-03-20 08:31:06,091 - models - WARNING - 记录被标记为可疑 [sensor=SENSOR_000]: 时间戳过期: 2026-03-20 03:16:05.968656
2026-03-20 08:31:06,091 - models - WARNING - 记录被标记为可疑 [sensor=SENSOR_001]: 时间戳过期: 2026-03-20 03:17:05.968656
2026-03-20 08:31:06,091 - models - WARNING - 记录被标记为可疑 [sensor=SENSOR_002]: 时间戳过期: 2026-03-20 03:18:05.968656
2026-03-20 08:31:06,093 - models - WARNING - 记录被标记为可疑 [sensor=SENSOR_003]: 时间戳过期: 2026-03-20 03:19:05.968656
2026-03-20 08:31:06,093 - ingestion - ERROR - 解析模拟数据失败: 车辆数量不能为负数
2026-03-20 08:31:06,093 - models - WARNING - 记录被标记为可疑 [sensor=SENSOR_005]: 时间戳过期: 2026-03-20 03:21:05.968656
2026-03-20 08:31:06,093 - ingestion - ERROR - 解析模拟数据失败: 车辆数量不能为负数
2026-03-20 08:31:06,093 - models - WARNING - 记录被标记为可疑 [sensor=SENSOR_007]: 时间戳过期: 2026-03-20 03:23:05.968656
2026-03-20 08:31:06,093 - models - WARNING - 记录被标记为可疑 [sensor=SENSOR_008]: 时间戳过期: 2026-03-20 03:24:05.968656
2026-03-20 08:31:06,094 - models - WARNING - 记录被标记为可疑 [sensor=SENSOR_009]: 时间戳过期: 2026-03-20 03:25:05.968656
2026-03-20 08:31:06,094 - models - WARNING - 记录被标记为可疑 [sensor=SENSOR_000]: 时间戳过期: 2026-03-20 03:26:05.968656
2026-03-20 08:31:06,094 - models - WARNING - 记录被标记为可疑 [sensor=SENSOR_001]: 时间戳过期: 2026-03-20 03:27:05.968656
2026-03-20 08:31:06,094 - models - WARNING - 记录被标记为可疑 [sensor=SENSOR_002]: 时间戳过期: 2026-03-20 03:28:05.968656
2026-03-20 08:31:06,095 - models - WARNING - 记录被标记为可疑 [sensor=SENSOR_003]: 时间戳过期: 2026-03-20 03:29:05.968656
2026-03-20 08:31:06,095 - models - WARNING - 记录被标记为可疑 [sensor=SENSOR_004]: 时间戳过期: 2026-03-20 03:30:05.968656
2026-03-20 08:31:06,095 - models - WARNING - 记录被标记为可疑 [sensor=SENSOR_005]: 时间戳过期: 2026-03-20 03:31:05.968656
2026-03-20 08:31:06,095 - models - WARNING - 记录被标记为可疑 [sensor=SENSOR_006]: 时间戳过期: 2026-03-20 03:32:05.968656
2026-03-20 08:31:06,095 - models - WARNING - 记录被标记为可疑 [sensor=SENSOR_007]: 时间戳过期: 2026-03-20 03:33:05.968656
2026-03-20 08:31:06,095 - models - WARNING - 记录被标记为可疑 [sensor=SENSOR_008]: 时间戳过期: 2026-03-20 03:34:05.968656
2026-03-20 08:31:06,096 - models - WARNING - 记录被标记为可疑 [sensor=SENSOR_009]: 时间戳过期: 2026-03-20 03:35:05.968656
2026-03-20 08:31:06,096 - models - WARNING - 记录被标记为可疑 [sensor=SENSOR_000]: 时间戳过期: 2026-03-20 03:36:05.968656
2026-03-20 08:31:06,096 - models - WARNING - 记录被标记为可疑 [sensor=SENSOR_001]: 时间戳过期: 2026-03-20 03:37:05.968656
2026-03-20 08:31:06,096 - models - WARNING - 记录被标记为可疑 [sensor=SENSOR_002]: 时间戳过期: 2026-03-20 03:38:05.968656
2026-03-20 08:31:06,096 - models - WARNING - 记录被标记为可疑 [sensor=SENSOR_003]: 时间戳过期: 2026-03-20 03:39:05.968656
2026-03-20 08:31:06,096 - models - WARNING - 记录被标记为可疑 [sensor=SENSOR_004]: 时间戳过期: 2026-03-20 03:40:05.968656
2026-03-20 08:31:06,096 - models - WARNING - 记录被标记为可疑 [sensor=SENSOR_005]: 时间戳过期: 2026-03-20 03:41:05.968656
2026-03-20 08:31:06,096 - ingestion - ERROR - 解析模拟数据失败: 速度异常，超过200km/h
2026-03-20 08:31:06,096 - models - WARNING - 记录被标记为可疑 [sensor=SENSOR_007]: 时间戳过期: 2026-03-20 03:43:05.968656
2026-03-20 08:31:06,096 - models - WARNING - 记录被标记为可疑 [sensor=SENSOR_008]: 时间戳过期: 2026-03-20 03:44:05.968656
2026-03-20 08:31:06,096 - models - WARNING - 记录被标记为可疑 [sensor=SENSOR_009]: 时间戳过期: 2026-03-20 03:45:05.968656
2026-03-20 08:31:06,097 - models - WARNING - 记录被标记为可疑 [sensor=SENSOR_000]: 时间戳过期: 2026-03-20 03:46:05.968656
2026-03-20 08:31:06,097 - models - WARNING - 记录被标记为可疑 [sensor=SENSOR_001]: 时间戳过期: 2026-03-20 03:47:05.968656
2026-03-20 08:31:06,097 - models - WARNING - 记录被标记为可疑 [sensor=SENSOR_002]: 时间戳过期: 2026-03-20 03:48:05.968656
2026-03-20 08:31:06,097 - models - WARNING - 记录被标记为可疑 [sensor=SENSOR_003]: 时间戳过期: 2026-03-20 03:49:05.968656
2026-03-20 08:31:06,097 - models - WARNING - 记录被标记为可疑 [sensor=SENSOR_004]: 时间戳过期: 2026-03-20 03:50:05.968656
2026-03-20 08:31:06,097 - models - WARNING - 记录被标记为可疑 [sensor=SENSOR_005]: 时间戳过期: 2026-03-20 03:51:05.968656
2026-03-20 08:31:06,098 - models - WARNING - 记录被标记为可疑 [sensor=SENSOR_006]: 时间戳过期: 2026-03-20 03:52:05.968656
2026-03-20 08:31:06,098 - models - WARNING - 记录被标记为可疑 [sensor=SENSOR_007]: 时间戳过期: 2026-03-20 03:53:05.968656
2026-03-20 08:31:06,098 - models - WARNING - 记录被标记为可疑 [sensor=SENSOR_008]: 时间戳过期: 2026-03-20 03:54:05.968656
2026-03-20 08:31:06,098 - models - WARNING - 记录被标记为可疑 [sensor=SENSOR_009]: 时间戳过期: 2026-03-20 03:55:05.968656
2026-03-20 08:31:06,098 - models - WARNING - 记录被标记为可疑 [sensor=SENSOR_000]: 时间戳过期: 2026-03-20 03:56:05.968656
2026-03-20 08:31:06,098 - models - WARNING - 记录被标记为可疑 [sensor=SENSOR_001]: 时间戳过期: 2026-03-20 03:57:05.968656
2026-03-20 08:31:06,098 - models - WARNING - 记录被标记为可疑 [sensor=SENSOR_002]: 时间戳过期: 2026-03-20 03:58:05.968656
2026-03-20 08:31:06,100 - models - WARNING - 记录被标记为可疑 [sensor=SENSOR_003]: 时间戳过期: 2026-03-20 03:59:05.968656
2026-03-20 08:31:06,100 - models - WARNING - 记录被标记为可疑 [sensor=SENSOR_004]: 时间戳过期: 2026-03-20 04:00:05.968656
2026-03-20 08:31:06,100 - models - WARNING - 记录被标记为可疑 [sensor=SENSOR_005]: 时间戳过期: 2026-03-20 04:01:05.968656
2026-03-20 08:31:06,100 - ingestion - ERROR - 解析模拟数据失败: 车辆数量不能为负数
2026-03-20 08:31:06,101 - models - WARNING - 记录被标记为可疑 [sensor=SENSOR_007]: 时间戳过期: 2026-03-20 04:03:05.968656
2026-03-20 08:31:06,101 - models - WARNING - 记录被标记为可疑 [sensor=SENSOR_008]: 时间戳过期: 2026-03-20 04:04:05.968656
2026-03-20 08:31:06,101 - ingestion - ERROR - 解析模拟数据失败: 车辆数量不能为负数
2026-03-20 08:31:06,101 - models - WARNING - 记录被标记为可疑 [sensor=SENSOR_000]: 时间戳过期: 2026-03-20 04:06:05.968656
2026-03-20 08:31:06,101 - models - WARNING - 记录被标记为可疑 [sensor=SENSOR_001]: 时间戳过期: 2026-03-20 04:07:05.968656
2026-03-20 08:31:06,102 - models - WARNING - 记录被标记为可疑 [sensor=SENSOR_002]: 时间戳过期: 2026-03-20 04:08:05.968656
2026-03-20 08:31:06,102 - models - WARNING - 记录被标记为可疑 [sensor=SENSOR_003]: 时间戳过期: 2026-03-20 04:09:05.968656
2026-03-20 08:31:06,102 - models - WARNING - 记录被标记为可疑 [sensor=SENSOR_004]: 时间戳过期: 2026-03-20 04:10:05.968656
2026-03-20 08:31:06,102 - models - WARNING - 记录被标记为可疑 [sensor=SENSOR_005]: 时间戳过期: 2026-03-20 04:11:05.968656
2026-03-20 08:31:06,102 - models - WARNING - 记录被标记为可疑 [sensor=SENSOR_006]: 时间戳过期: 2026-03-20 04:12:05.968656
2026-03-20 08:31:06,102 - models - WARNING - 记录被标记为可疑 [sensor=SENSOR_007]: 时间戳过期: 2026-03-20 04:13:05.968656
2026-03-20 08:31:06,102 - models - WARNING - 记录被标记为可疑 [sensor=SENSOR_008]: 时间戳过期: 2026-03-20 04:14:05.968656
2026-03-20 08:31:06,103 - models - WARNING - 记录被标记为可疑 [sensor=SENSOR_009]: 时间戳过期: 2026-03-20 04:15:05.968656
2026-03-20 08:31:06,103 - models - WARNING - 记录被标记为可疑 [sensor=SENSOR_000]: 时间戳过期: 2026-03-20 04:16:05.968656
2026-03-20 08:31:06,103 - models - WARNING - 记录被标记为可疑 [sensor=SENSOR_001]: 时间戳过期: 2026-03-20 04:17:05.968656
2026-03-20 08:31:06,103 - models - WARNING - 记录被标记为可疑 [sensor=SENSOR_002]: 时间戳过期: 2026-03-20 04:18:05.968656
2026-03-20 08:31:06,103 - models - WARNING - 记录被标记为可疑 [sensor=SENSOR_003]: 时间戳过期: 2026-03-20 04:19:05.968656
2026-03-20 08:31:06,103 - models - WARNING - 记录被标记为可疑 [sensor=SENSOR_004]: 时间戳过期: 2026-03-20 04:20:05.968656
2026-03-20 08:31:06,103 - models - WARNING - 记录被标记为可疑 [sensor=SENSOR_005]: 时间戳过期: 2026-03-20 04:21:05.968656
2026-03-20 08:31:06,103 - models - WARNING - 记录被标记为可疑 [sensor=SENSOR_006]: 时间戳过期: 2026-03-20 04:22:05.968656
2026-03-20 08:31:06,103 - models - WARNING - 记录被标记为可疑 [sensor=SENSOR_007]: 时间戳过期: 2026-03-20 04:23:05.968656
2026-03-20 08:31:06,105 - models - WARNING - 记录被标记为可疑 [sensor=SENSOR_008]: 时间戳过期: 2026-03-20 04:24:05.968656
2026-03-20 08:31:06,105 - models - WARNING - 记录被标记为可疑 [sensor=SENSOR_009]: 时间戳过期: 2026-03-20 04:25:05.968656
2026-03-20 08:31:06,105 - models - WARNING - 记录被标记为可疑 [sensor=SENSOR_000]: 时间戳过期: 2026-03-20 04:26:05.968656
2026-03-20 08:31:06,105 - models - WARNING - 记录被标记为可疑 [sensor=SENSOR_001]: 时间戳过期: 2026-03-20 04:27:05.968656
2026-03-20 08:31:06,105 - models - WARNING - 记录被标记为可疑 [sensor=SENSOR_002]: 时间戳过期: 2026-03-20 04:28:05.968656
2026-03-20 08:31:06,105 - models - WARNING - 记录被标记为可疑 [sensor=SENSOR_003]: 时间戳过期: 2026-03-20 04:29:05.968656
2026-03-20 08:31:06,105 - models - WARNING - 记录被标记为可疑 [sensor=SENSOR_004]: 时间戳过期: 2026-03-20 04:30:05.968656
2026-03-20 08:31:06,105 - models - WARNING - 记录被标记为可疑 [sensor=SENSOR_005]: 时间戳过期: 2026-03-20 04:31:05.968656
2026-03-20 08:31:06,105 - models - WARNING - 记录被标记为可疑 [sensor=SENSOR_006]: 时间戳过期: 2026-03-20 04:32:05.968656
2026-03-20 08:31:06,105 - models - WARNING - 记录被标记为可疑 [sensor=SENSOR_007]: 时间戳过期: 2026-03-20 04:33:05.968656
2026-03-20 08:31:06,105 - models - WARNING - 记录被标记为可疑 [sensor=SENSOR_008]: 时间戳过期: 2026-03-20 04:34:05.968656
2026-03-20 08:31:06,106 - models - WARNING - 记录被标记为可疑 [sensor=SENSOR_009]: 时间戳过期: 2026-03-20 04:35:05.968656
2026-03-20 08:31:06,107 - models - WARNING - 记录被标记为可疑 [sensor=SENSOR_000]: 时间戳过期: 2026-03-20 04:36:05.968656
2026-03-20 08:31:06,107 - models - WARNING - 记录被标记为可疑 [sensor=SENSOR_001]: 时间戳过期: 2026-03-20 04:37:05.968656
2026-03-20 08:31:06,107 - models - WARNING - 记录被标记为可疑 [sensor=SENSOR_002]: 时间戳过期: 2026-03-20 04:38:05.968656
2026-03-20 08:31:06,107 - models - WARNING - 记录被标记为可疑 [sensor=SENSOR_003]: 时间戳过期: 2026-03-20 04:39:05.968656
2026-03-20 08:31:06,107 - models - WARNING - 记录被标记为可疑 [sensor=SENSOR_004]: 时间戳过期: 2026-03-20 04:40:05.968656
2026-03-20 08:31:06,109 - models - WARNING - 记录被标记为可疑 [sensor=SENSOR_005]: 时间戳过期: 2026-03-20 04:41:05.968656
2026-03-20 08:31:06,109 - models - WARNING - 记录被标记为可疑 [sensor=SENSOR_006]: 时间戳过期: 2026-03-20 04:42:05.968656
2026-03-20 08:31:06,109 - models - WARNING - 记录被标记为可疑 [sensor=SENSOR_007]: 时间戳过期: 2026-03-20 04:43:05.968656
2026-03-20 08:31:06,109 - models - WARNING - 记录被标记为可疑 [sensor=SENSOR_008]: 时间戳过期: 2026-03-20 04:44:05.968656
2026-03-20 08:31:06,109 - ingestion - ERROR - 解析模拟数据失败: 车辆数量不能为负数
2026-03-20 08:31:06,109 - models - WARNING - 记录被标记为可疑 [sensor=SENSOR_000]: 时间戳过期: 2026-03-20 04:46:05.968656
2026-03-20 08:31:06,110 - ingestion - ERROR - 解析模拟数据失败: 车辆数量不能为负数
2026-03-20 08:31:06,110 - models - WARNING - 记录被标记为可疑 [sensor=SENSOR_002]: 时间戳过期: 2026-03-20 04:48:05.968656
2026-03-20 08:31:06,110 - models - WARNING - 记录被标记为可疑 [sensor=SENSOR_003]: 时间戳过期: 2026-03-20 04:49:05.968656
2026-03-20 08:31:06,110 - models - WARNING - 记录被标记为可疑 [sensor=SENSOR_004]: 时间戳过期: 2026-03-20 04:50:05.968656
2026-03-20 08:31:06,110 - models - WARNING - 记录被标记为可疑 [sensor=SENSOR_005]: 时间戳过期: 2026-03-20 04:51:05.968656
2026-03-20 08:31:06,110 - models - WARNING - 记录被标记为可疑 [sensor=SENSOR_006]: 时间戳过期: 2026-03-20 04:52:05.968656
2026-03-20 08:31:06,110 - models - WARNING - 记录被标记为可疑 [sensor=SENSOR_007]: 时间戳过期: 2026-03-20 04:53:05.968656
2026-03-20 08:31:06,110 - models - WARNING - 记录被标记为可疑 [sensor=SENSOR_008]: 时间戳过期: 2026-03-20 04:54:05.968656
2026-03-20 08:31:06,110 - models - WARNING - 记录被标记为可疑 [sensor=SENSOR_009]: 时间戳过期: 2026-03-20 04:55:05.968656
2026-03-20 08:31:06,110 - models - WARNING - 记录被标记为可疑 [sensor=SENSOR_000]: 时间戳过期: 2026-03-20 04:56:05.968656
2026-03-20 08:31:06,110 - models - WARNING - 记录被标记为可疑 [sensor=SENSOR_001]: 时间戳过期: 2026-03-20 04:57:05.968656
2026-03-20 08:31:06,110 - ingestion - ERROR - 解析模拟数据失败: 车辆数量不能为负数
2026-03-20 08:31:06,110 - models - WARNING - 记录被标记为可疑 [sensor=SENSOR_003]: 时间戳过期: 2026-03-20 04:59:05.968656
2026-03-20 08:31:06,110 - models - WARNING - 记录被标记为可疑 [sensor=SENSOR_004]: 时间戳过期: 2026-03-20 05:00:05.968656
2026-03-20 08:31:06,112 - models - WARNING - 记录被标记为可疑 [sensor=SENSOR_005]: 时间戳过期: 2026-03-20 05:01:05.968656
2026-03-20 08:31:06,112 - models - WARNING - 记录被标记为可疑 [sensor=SENSOR_006]: 时间戳过期: 2026-03-20 05:02:05.968656
2026-03-20 08:31:06,112 - models - WARNING - 记录被标记为可疑 [sensor=SENSOR_007]: 时间戳过期: 2026-03-20 05:03:05.968656
2026-03-20 08:31:06,112 - models - WARNING - 记录被标记为可疑 [sensor=SENSOR_008]: 时间戳过期: 2026-03-20 05:04:05.968656
2026-03-20 08:31:06,112 - models - WARNING - 记录被标记为可疑 [sensor=SENSOR_009]: 时间戳过期: 2026-03-20 05:05:05.968656
2026-03-20 08:31:06,112 - models - WARNING - 记录被标记为可疑 [sensor=SENSOR_000]: 时间戳过期: 2026-03-20 05:06:05.968656
2026-03-20 08:31:06,113 - models - WARNING - 记录被标记为可疑 [sensor=SENSOR_001]: 时间戳过期: 2026-03-20 05:07:05.968656
2026-03-20 08:31:06,113 - models - WARNING - 记录被标记为可疑 [sensor=SENSOR_002]: 时间戳过期: 2026-03-20 05:08:05.968656
2026-03-20 08:31:06,113 - models - WARNING - 记录被标记为可疑 [sensor=SENSOR_003]: 时间戳过期: 2026-03-20 05:09:05.968656
2026-03-20 08:31:06,113 - models - WARNING - 记录被标记为可疑 [sensor=SENSOR_004]: 时间戳过期: 2026-03-20 05:10:05.968656
2026-03-20 08:31:06,113 - models - WARNING - 记录被标记为可疑 [sensor=SENSOR_005]: 时间戳过期: 2026-03-20 05:11:05.968656
2026-03-20 08:31:06,113 - models - WARNING - 记录被标记为可疑 [sensor=SENSOR_006]: 时间戳过期: 2026-03-20 05:12:05.968656
2026-03-20 08:31:06,113 - models - WARNING - 记录被标记为可疑 [sensor=SENSOR_007]: 时间戳过期: 2026-03-20 05:13:05.968656
2026-03-20 08:31:06,113 - ingestion - ERROR - 解析模拟数据失败: 速度异常，超过200km/h
2026-03-20 08:31:06,115 - models - WARNING - 记录被标记为可疑 [sensor=SENSOR_009]: 时间戳过期: 2026-03-20 05:15:05.968656
2026-03-20 08:31:06,115 - models - WARNING - 记录被标记为可疑 [sensor=SENSOR_000]: 时间戳过期: 2026-03-20 05:16:05.968656
2026-03-20 08:31:06,115 - models - WARNING - 记录被标记为可疑 [sensor=SENSOR_001]: 时间戳过期: 2026-03-20 05:17:05.968656
2026-03-20 08:31:06,115 - models - WARNING - 记录被标记为可疑 [sensor=SENSOR_002]: 时间戳过期: 2026-03-20 05:18:05.968656
2026-03-20 08:31:06,115 - models - WARNING - 记录被标记为可疑 [sensor=SENSOR_003]: 时间戳过期: 2026-03-20 05:19:05.968656
2026-03-20 08:31:06,115 - models - WARNING - 记录被标记为可疑 [sensor=SENSOR_004]: 时间戳过期: 2026-03-20 05:20:05.968656
2026-03-20 08:31:06,115 - models - WARNING - 记录被标记为可疑 [sensor=SENSOR_005]: 时间戳过期: 2026-03-20 05:21:05.968656
2026-03-20 08:31:06,116 - models - WARNING - 记录被标记为可疑 [sensor=SENSOR_006]: 时间戳过期: 2026-03-20 05:22:05.968656
2026-03-20 08:31:06,116 - models - WARNING - 记录被标记为可疑 [sensor=SENSOR_007]: 时间戳过期: 2026-03-20 05:23:05.968656
2026-03-20 08:31:06,116 - models - WARNING - 记录被标记为可疑 [sensor=SENSOR_008]: 时间戳过期: 2026-03-20 05:24:05.968656
2026-03-20 08:31:06,116 - models - WARNING - 记录被标记为可疑 [sensor=SENSOR_009]: 时间戳过期: 2026-03-20 05:25:05.968656
2026-03-20 08:31:06,116 - models - WARNING - 记录被标记为可疑 [sensor=SENSOR_000]: 时间戳过期: 2026-03-20 05:26:05.968656
2026-03-20 08:31:06,116 - models - WARNING - 记录被标记为可疑 [sensor=SENSOR_001]: 时间戳过期: 2026-03-20 05:27:05.968656
2026-03-20 08:31:06,116 - models - WARNING - 记录被标记为可疑 [sensor=SENSOR_002]: 时间戳过期: 2026-03-20 05:28:05.968656
2026-03-20 08:31:06,118 - models - WARNING - 记录被标记为可疑 [sensor=SENSOR_003]: 时间戳过期: 2026-03-20 05:29:05.968656
2026-03-20 08:31:06,118 - models - WARNING - 记录被标记为可疑 [sensor=SENSOR_004]: 时间戳过期: 2026-03-20 05:30:05.968656
2026-03-20 08:31:06,118 - models - WARNING - 记录被标记为可疑 [sensor=SENSOR_005]: 时间戳过期: 2026-03-20 05:31:05.968656
2026-03-20 08:31:06,118 - models - WARNING - 记录被标记为可疑 [sensor=SENSOR_006]: 时间戳过期: 2026-03-20 05:32:05.968656
2026-03-20 08:31:06,118 - models - WARNING - 记录被标记为可疑 [sensor=SENSOR_007]: 时间戳过期: 2026-03-20 05:33:05.968656
2026-03-20 08:31:06,118 - ingestion - ERROR - 解析模拟数据失败: 速度异常，超过200km/h
2026-03-20 08:31:06,118 - models - WARNING - 记录被标记为可疑 [sensor=SENSOR_009]: 时间戳过期: 2026-03-20 05:35:05.968656
2026-03-20 08:31:06,118 - models - WARNING - 记录被标记为可疑 [sensor=SENSOR_000]: 时间戳过期: 2026-03-20 05:36:05.968656
2026-03-20 08:31:06,118 - ingestion - ERROR - 解析模拟数据失败: 车辆数量不能为负数
2026-03-20 08:31:06,118 - models - WARNING - 记录被标记为可疑 [sensor=SENSOR_002]: 时间戳过期: 2026-03-20 05:38:05.968656
2026-03-20 08:31:06,120 - models - WARNING - 记录被标记为可疑 [sensor=SENSOR_003]: 时间戳过期: 2026-03-20 05:39:05.968656
2026-03-20 08:31:06,120 - models - WARNING - 记录被标记为可疑 [sensor=SENSOR_004]: 时间戳过期: 2026-03-20 05:40:05.968656
2026-03-20 08:31:06,120 - models - WARNING - 记录被标记为可疑 [sensor=SENSOR_005]: 时间戳过期: 2026-03-20 05:41:05.968656
2026-03-20 08:31:06,120 - models - WARNING - 记录被标记为可疑 [sensor=SENSOR_006]: 时间戳过期: 2026-03-20 05:42:05.968656
2026-03-20 08:31:06,120 - models - WARNING - 记录被标记为可疑 [sensor=SENSOR_007]: 时间戳过期: 2026-03-20 05:43:05.968656
2026-03-20 08:31:06,120 - models - WARNING - 记录被标记为可疑 [sensor=SENSOR_008]: 时间戳过期: 2026-03-20 05:44:05.968656
2026-03-20 08:31:06,120 - models - WARNING - 记录被标记为可疑 [sensor=SENSOR_009]: 时间戳过期: 2026-03-20 05:45:05.968656
2026-03-20 08:31:06,120 - models - WARNING - 记录被标记为可疑 [sensor=SENSOR_000]: 时间戳过期: 2026-03-20 05:46:05.968656
2026-03-20 08:31:06,120 - models - WARNING - 记录被标记为可疑 [sensor=SENSOR_001]: 时间戳过期: 2026-03-20 05:47:05.968656
2026-03-20 08:31:06,120 - models - WARNING - 记录被标记为可疑 [sensor=SENSOR_002]: 时间戳过期: 2026-03-20 05:48:05.968656
2026-03-20 08:31:06,120 - ingestion - ERROR - 解析模拟数据失败: 车辆数量不能为负数
2026-03-20 08:31:06,120 - models - WARNING - 记录被标记为可疑 [sensor=SENSOR_004]: 时间戳过期: 2026-03-20 05:50:05.968656
2026-03-20 08:31:06,121 - models - WARNING - 记录被标记为可疑 [sensor=SENSOR_005]: 时间戳过期: 2026-03-20 05:51:05.968656
2026-03-20 08:31:06,121 - models - WARNING - 记录被标记为可疑 [sensor=SENSOR_006]: 时间戳过期: 2026-03-20 05:52:05.968656
2026-03-20 08:31:06,121 - models - WARNING - 记录被标记为可疑 [sensor=SENSOR_007]: 时间戳过期: 2026-03-20 05:53:05.968656
2026-03-20 08:31:06,121 - models - WARNING - 记录被标记为可疑 [sensor=SENSOR_008]: 时间戳过期: 2026-03-20 05:54:05.968656
2026-03-20 08:31:06,121 - models - WARNING - 记录被标记为可疑 [sensor=SENSOR_009]: 时间戳过期: 2026-03-20 05:55:05.968656
2026-03-20 08:31:06,121 - models - WARNING - 记录被标记为可疑 [sensor=SENSOR_000]: 时间戳过期: 2026-03-20 05:56:05.968656
2026-03-20 08:31:06,121 - models - WARNING - 记录被标记为可疑 [sensor=SENSOR_001]: 时间戳过期: 2026-03-20 05:57:05.968656
2026-03-20 08:31:06,123 - models - WARNING - 记录被标记为可疑 [sensor=SENSOR_002]: 时间戳过期: 2026-03-20 05:58:05.968656
2026-03-20 08:31:06,123 - models - WARNING - 记录被标记为可疑 [sensor=SENSOR_003]: 时间戳过期: 2026-03-20 05:59:05.968656
2026-03-20 08:31:06,123 - models - WARNING - 记录被标记为可疑 [sensor=SENSOR_004]: 时间戳过期: 2026-03-20 06:00:05.968656
2026-03-20 08:31:06,123 - models - WARNING - 记录被标记为可疑 [sensor=SENSOR_005]: 时间戳过期: 2026-03-20 06:01:05.968656
2026-03-20 08:31:06,123 - models - WARNING - 记录被标记为可疑 [sensor=SENSOR_006]: 时间戳过期: 2026-03-20 06:02:05.968656
2026-03-20 08:31:06,123 - models - WARNING - 记录被标记为可疑 [sensor=SENSOR_007]: 时间戳过期: 2026-03-20 06:03:05.968656
2026-03-20 08:31:06,123 - models - WARNING - 记录被标记为可疑 [sensor=SENSOR_008]: 时间戳过期: 2026-03-20 06:04:05.968656
2026-03-20 08:31:06,124 - models - WARNING - 记录被标记为可疑 [sensor=SENSOR_009]: 时间戳过期: 2026-03-20 06:05:05.968656
2026-03-20 08:31:06,124 - models - WARNING - 记录被标记为可疑 [sensor=SENSOR_000]: 时间戳过期: 2026-03-20 06:06:05.968656
2026-03-20 08:31:06,124 - models - WARNING - 记录被标记为可疑 [sensor=SENSOR_001]: 时间戳过期: 2026-03-20 06:07:05.968656
2026-03-20 08:31:06,124 - models - WARNING - 记录被标记为可疑 [sensor=SENSOR_002]: 时间戳过期: 2026-03-20 06:08:05.968656
2026-03-20 08:31:06,125 - models - WARNING - 记录被标记为可疑 [sensor=SENSOR_003]: 时间戳过期: 2026-03-20 06:09:05.968656
2026-03-20 08:31:06,125 - models - WARNING - 记录被标记为可疑 [sensor=SENSOR_004]: 时间戳过期: 2026-03-20 06:10:05.968656
2026-03-20 08:31:06,125 - models - WARNING - 记录被标记为可疑 [sensor=SENSOR_005]: 时间戳过期: 2026-03-20 06:11:05.968656
2026-03-20 08:31:06,125 - models - WARNING - 记录被标记为可疑 [sensor=SENSOR_006]: 时间戳过期: 2026-03-20 06:12:05.968656
2026-03-20 08:31:06,125 - models - WARNING - 记录被标记为可疑 [sensor=SENSOR_007]: 时间戳过期: 2026-03-20 06:13:05.968656
2026-03-20 08:31:06,125 - ingestion - ERROR - 解析模拟数据失败: 速度不能为负数
2026-03-20 08:31:06,125 - models - WARNING - 记录被标记为可疑 [sensor=SENSOR_009]: 时间戳过期: 2026-03-20 06:15:05.968656
2026-03-20 08:31:06,125 - models - WARNING - 记录被标记为可疑 [sensor=SENSOR_000]: 时间戳过期: 2026-03-20 06:16:05.968656
2026-03-20 08:31:06,125 - models - WARNING - 记录被标记为可疑 [sensor=SENSOR_001]: 时间戳过期: 2026-03-20 06:17:05.968656
2026-03-20 08:31:06,125 - models - WARNING - 记录被标记为可疑 [sensor=SENSOR_002]: 时间戳过期: 2026-03-20 06:18:05.968656
2026-03-20 08:31:06,127 - models - WARNING - 记录被标记为可疑 [sensor=SENSOR_003]: 时间戳过期: 2026-03-20 06:19:05.968656
2026-03-20 08:31:06,127 - models - WARNING - 记录被标记为可疑 [sensor=SENSOR_004]: 时间戳过期: 2026-03-20 06:20:05.968656
2026-03-20 08:31:06,127 - models - WARNING - 记录被标记为可疑 [sensor=SENSOR_005]: 时间戳过期: 2026-03-20 06:21:05.968656
2026-03-20 08:31:06,127 - models - WARNING - 记录被标记为可疑 [sensor=SENSOR_006]: 时间戳过期: 2026-03-20 06:22:05.968656
2026-03-20 08:31:06,127 - models - WARNING - 记录被标记为可疑 [sensor=SENSOR_007]: 时间戳过期: 2026-03-20 06:23:05.968656
2026-03-20 08:31:06,127 - models - WARNING - 记录被标记为可疑 [sensor=SENSOR_008]: 时间戳过期: 2026-03-20 06:24:05.968656
2026-03-20 08:31:06,127 - models - WARNING - 记录被标记为可疑 [sensor=SENSOR_009]: 时间戳过期: 2026-03-20 06:25:05.968656
2026-03-20 08:31:06,127 - models - WARNING - 记录被标记为可疑 [sensor=SENSOR_000]: 时间戳过期: 2026-03-20 06:26:05.968656
2026-03-20 08:31:06,128 - models - WARNING - 记录被标记为可疑 [sensor=SENSOR_001]: 时间戳过期: 2026-03-20 06:27:05.968656
2026-03-20 08:31:06,128 - models - WARNING - 记录被标记为可疑 [sensor=SENSOR_002]: 时间戳过期: 2026-03-20 06:28:05.968656
2026-03-20 08:31:06,128 - models - WARNING - 记录被标记为可疑 [sensor=SENSOR_003]: 时间戳过期: 2026-03-20 06:29:05.968656
2026-03-20 08:31:06,128 - models - WARNING - 记录被标记为可疑 [sensor=SENSOR_004]: 时间戳过期: 2026-03-20 06:30:05.968656
2026-03-20 08:31:06,128 - models - WARNING - 记录被标记为可疑 [sensor=SENSOR_005]: 时间戳过期: 2026-03-20 06:31:05.968656
2026-03-20 08:31:06,128 - models - WARNING - 记录被标记为可疑 [sensor=SENSOR_006]: 时间戳过期: 2026-03-20 06:32:05.968656
2026-03-20 08:31:06,130 - models - WARNING - 记录被标记为可疑 [sensor=SENSOR_007]: 时间戳过期: 2026-03-20 06:33:05.968656
2026-03-20 08:31:06,130 - models - WARNING - 记录被标记为可疑 [sensor=SENSOR_008]: 时间戳过期: 2026-03-20 06:34:05.968656
2026-03-20 08:31:06,130 - models - WARNING - 记录被标记为可疑 [sensor=SENSOR_009]: 时间戳过期: 2026-03-20 06:35:05.968656
2026-03-20 08:31:06,130 - models - WARNING - 记录被标记为可疑 [sensor=SENSOR_000]: 时间戳过期: 2026-03-20 06:36:05.968656
2026-03-20 08:31:06,130 - models - WARNING - 记录被标记为可疑 [sensor=SENSOR_001]: 时间戳过期: 2026-03-20 06:37:05.968656
2026-03-20 08:31:06,130 - models - WARNING - 记录被标记为可疑 [sensor=SENSOR_002]: 时间戳过期: 2026-03-20 06:38:05.968656
2026-03-20 08:31:06,130 - models - WARNING - 记录被标记为可疑 [sensor=SENSOR_003]: 时间戳过期: 2026-03-20 06:39:05.968656
2026-03-20 08:31:06,130 - models - WARNING - 记录被标记为可疑 [sensor=SENSOR_004]: 时间戳过期: 2026-03-20 06:40:05.968656
2026-03-20 08:31:06,131 - models - WARNING - 记录被标记为可疑 [sensor=SENSOR_005]: 时间戳过期: 2026-03-20 06:41:05.968656
2026-03-20 08:31:06,131 - models - WARNING - 记录被标记为可疑 [sensor=SENSOR_006]: 时间戳过期: 2026-03-20 06:42:05.968656
2026-03-20 08:31:06,131 - models - WARNING - 记录被标记为可疑 [sensor=SENSOR_007]: 时间戳过期: 2026-03-20 06:43:05.968656
2026-03-20 08:31:06,131 - ingestion - ERROR - 解析模拟数据失败: 车辆数量不能为负数
2026-03-20 08:31:06,131 - models - WARNING - 记录被标记为可疑 [sensor=SENSOR_009]: 时间戳过期: 2026-03-20 06:45:05.968656
2026-03-20 08:31:06,131 - models - WARNING - 记录被标记为可疑 [sensor=SENSOR_000]: 时间戳过期: 2026-03-20 06:46:05.968656
2026-03-20 08:31:06,133 - models - WARNING - 记录被标记为可疑 [sensor=SENSOR_001]: 时间戳过期: 2026-03-20 06:47:05.968656
2026-03-20 08:31:06,133 - models - WARNING - 记录被标记为可疑 [sensor=SENSOR_002]: 时间戳过期: 2026-03-20 06:48:05.968656
2026-03-20 08:31:06,133 - models - WARNING - 记录被标记为可疑 [sensor=SENSOR_003]: 时间戳过期: 2026-03-20 06:49:05.968656
2026-03-20 08:31:06,133 - models - WARNING - 记录被标记为可疑 [sensor=SENSOR_004]: 时间戳过期: 2026-03-20 06:50:05.968656
2026-03-20 08:31:06,133 - models - WARNING - 记录被标记为可疑 [sensor=SENSOR_005]: 时间戳过期: 2026-03-20 06:51:05.968656
2026-03-20 08:31:06,133 - models - WARNING - 记录被标记为可疑 [sensor=SENSOR_006]: 时间戳过期: 2026-03-20 06:52:05.968656
2026-03-20 08:31:06,133 - models - WARNING - 记录被标记为可疑 [sensor=SENSOR_007]: 时间戳过期: 2026-03-20 06:53:05.968656
2026-03-20 08:31:06,133 - models - WARNING - 记录被标记为可疑 [sensor=SENSOR_008]: 时间戳过期: 2026-03-20 06:54:05.968656
2026-03-20 08:31:06,133 - models - WARNING - 记录被标记为可疑 [sensor=SENSOR_009]: 时间戳过期: 2026-03-20 06:55:05.968656
2026-03-20 08:31:06,133 - models - WARNING - 记录被标记为可疑 [sensor=SENSOR_000]: 时间戳过期: 2026-03-20 06:56:05.968656
2026-03-20 08:31:06,134 - models - WARNING - 记录被标记为可疑 [sensor=SENSOR_001]: 时间戳过期: 2026-03-20 06:57:05.968656
2026-03-20 08:31:06,134 - models - WARNING - 记录被标记为可疑 [sensor=SENSOR_002]: 时间戳过期: 2026-03-20 06:58:05.968656
2026-03-20 08:31:06,134 - models - WARNING - 记录被标记为可疑 [sensor=SENSOR_003]: 时间戳过期: 2026-03-20 06:59:05.968656
2026-03-20 08:31:06,134 - models - WARNING - 记录被标记为可疑 [sensor=SENSOR_004]: 时间戳过期: 2026-03-20 07:00:05.968656
2026-03-20 08:31:06,134 - models - WARNING - 记录被标记为可疑 [sensor=SENSOR_005]: 时间戳过期: 2026-03-20 07:01:05.968656
2026-03-20 08:31:06,135 - models - WARNING - 记录被标记为可疑 [sensor=SENSOR_006]: 时间戳过期: 2026-03-20 07:02:05.968656
2026-03-20 08:31:06,135 - models - WARNING - 记录被标记为可疑 [sensor=SENSOR_007]: 时间戳过期: 2026-03-20 07:03:05.968656
2026-03-20 08:31:06,135 - models - WARNING - 记录被标记为可疑 [sensor=SENSOR_008]: 时间戳过期: 2026-03-20 07:04:05.968656
2026-03-20 08:31:06,135 - models - WARNING - 记录被标记为可疑 [sensor=SENSOR_009]: 时间戳过期: 2026-03-20 07:05:05.968656
2026-03-20 08:31:06,136 - models - WARNING - 记录被标记为可疑 [sensor=SENSOR_000]: 时间戳过期: 2026-03-20 07:06:05.968656
2026-03-20 08:31:06,136 - models - WARNING - 记录被标记为可疑 [sensor=SENSOR_001]: 时间戳过期: 2026-03-20 07:07:05.968656
2026-03-20 08:31:06,136 - models - WARNING - 记录被标记为可疑 [sensor=SENSOR_002]: 时间戳过期: 2026-03-20 07:08:05.968656
2026-03-20 08:31:06,136 - models - WARNING - 记录被标记为可疑 [sensor=SENSOR_003]: 时间戳过期: 2026-03-20 07:09:05.968656
2026-03-20 08:31:06,136 - models - WARNING - 记录被标记为可疑 [sensor=SENSOR_004]: 时间戳过期: 2026-03-20 07:10:05.968656
2026-03-20 08:31:06,136 - models - WARNING - 记录被标记为可疑 [sensor=SENSOR_005]: 时间戳过期: 2026-03-20 07:11:05.968656
2026-03-20 08:31:06,136 - models - WARNING - 记录被标记为可疑 [sensor=SENSOR_006]: 时间戳过期: 2026-03-20 07:12:05.968656
2026-03-20 08:31:06,136 - models - WARNING - 记录被标记为可疑 [sensor=SENSOR_007]: 时间戳过期: 2026-03-20 07:13:05.968656
2026-03-20 08:31:06,137 - models - WARNING - 记录被标记为可疑 [sensor=SENSOR_008]: 时间戳过期: 2026-03-20 07:14:05.968656
2026-03-20 08:31:06,137 - models - WARNING - 记录被标记为可疑 [sensor=SENSOR_009]: 时间戳过期: 2026-03-20 07:15:05.968656
2026-03-20 08:31:06,137 - models - WARNING - 记录被标记为可疑 [sensor=SENSOR_000]: 时间戳过期: 2026-03-20 07:16:05.968656
2026-03-20 08:31:06,137 - models - WARNING - 记录被标记为可疑 [sensor=SENSOR_001]: 时间戳过期: 2026-03-20 07:17:05.968656
2026-03-20 08:31:06,137 - models - WARNING - 记录被标记为可疑 [sensor=SENSOR_002]: 时间戳过期: 2026-03-20 07:18:05.968656
2026-03-20 08:31:06,137 - models - WARNING - 记录被标记为可疑 [sensor=SENSOR_003]: 时间戳过期: 2026-03-20 07:19:05.968656
2026-03-20 08:31:06,137 - models - WARNING - 记录被标记为可疑 [sensor=SENSOR_004]: 时间戳过期: 2026-03-20 07:20:05.968656
2026-03-20 08:31:06,139 - models - WARNING - 记录被标记为可疑 [sensor=SENSOR_005]: 时间戳过期: 2026-03-20 07:21:05.968656
2026-03-20 08:31:06,139 - ingestion - ERROR - 解析模拟数据失败: 速度异常，超过200km/h
2026-03-20 08:31:06,139 - models - WARNING - 记录被标记为可疑 [sensor=SENSOR_007]: 时间戳过期: 2026-03-20 07:23:05.968656
2026-03-20 08:31:06,139 - models - WARNING - 记录被标记为可疑 [sensor=SENSOR_008]: 时间戳过期: 2026-03-20 07:24:05.968656
2026-03-20 08:31:06,139 - models - WARNING - 记录被标记为可疑 [sensor=SENSOR_009]: 时间戳过期: 2026-03-20 07:25:05.968656
2026-03-20 08:31:06,139 - models - WARNING - 记录被标记为可疑 [sensor=SENSOR_000]: 时间戳过期: 2026-03-20 07:26:05.968656
2026-03-20 08:31:06,139 - models - WARNING - 记录被标记为可疑 [sensor=SENSOR_001]: 时间戳过期: 2026-03-20 07:27:05.968656
2026-03-20 08:31:06,139 - ingestion - ERROR - 解析模拟数据失败: 车辆数量不能为负数
2026-03-20 08:31:06,139 - models - WARNING - 记录被标记为可疑 [sensor=SENSOR_003]: 时间戳过期: 2026-03-20 07:29:05.968656
2026-03-20 08:31:06,140 - models - WARNING - 记录被标记为可疑 [sensor=SENSOR_004]: 时间戳过期: 2026-03-20 07:30:05.968656
2026-03-20 08:31:06,140 - models - WARNING - 记录被标记为可疑 [sensor=SENSOR_005]: 时间戳过期: 2026-03-20 07:31:05.968656
2026-03-20 08:31:06,144 - ingestion - ERROR - 解析模拟数据失败: 车辆数量不能为负数
2026-03-20 08:31:06,144 - __main__ - INFO - 数据流处理完成，共处理 943 条记录
2026-03-20 08:31:06,144 - ingestion - INFO - 关闭模拟数据流
2026-03-20 08:31:06,144 - __main__ - INFO - 生成最终聚合结果...
2026-03-20 08:31:06,144 - __main__ - INFO - 生成报告...
2026-03-20 08:31:06,145 - __main__ - INFO - 聚合结果已保存: output\aggregations.json
2026-03-20 08:31:06,145 - __main__ - INFO - 报警信息已保存: output\alerts.json
2026-03-20 08:31:06,147 - __main__ - INFO - 文本报告已保存: output\report.txt
2026-03-20 08:31:06,147 - __main__ - INFO - 所有传感器正常运行，无熔断
2026-03-20 08:31:06,147 - __main__ - INFO - ============================================================
2026-03-20 08:31:06,147 - __main__ - INFO - 分析完成!
2026-03-20 08:31:06,147 - __main__ - INFO - 处理记录: 943
2026-03-20 08:31:06,147 - __main__ - INFO - 聚合结果: 8
2026-03-20 08:31:06,147 - __main__ - INFO - 报警数量: 0
2026-03-20 08:31:06,147 - __main__ - INFO - ============================================================
